Стрим;Арх. Компонент;Название оригинальное;Название в смарт-анкете СУМ;Контекст;Тип работы;Наличие норматива;Параметр-триггер;Параметры трудоемкости;Формула;Результат выбора;Кто может заполнить;Вопросы;Справочник;Комментарии по итогу встречи 08.06
ИД. Внешний;Арх. Компонент. Система-источник;Интервьюирование заказчика, подтверждение финансирования и обработка RDS;Этап 214. Интервьюирование заказчика, подтверждение финансирования и обработка RDS;Этап 214;Опциональная;0,7;Тип системы-источника (внешний), Необходимо подтвердить возможность интеграции;"1. Сложность предметной области
2. Количество сущностей (исходных таблиц)
3. Детализация и ясность запроса постановки задачи
4. Риск появления дополнительных систем-источников
5. Необходимо уточнение требований по составу выгружаемых данных и алгоритмам расчета метрик";"ЧД(работы) = ОКРУГЛ.ВВЕРХ(Норматив × [Сложность предметной области] × [Количество сущностей (исходных таблиц)] × [Детализация и ясность запроса постановки задачи] × [Риск появления дополнительных систем-источников] × [Необходимо уточнение требований по составу выгружаемых данных и алгоритмам расчета метрик]; 0,1)
  где Норматив — базовая оценка из столбца «Наличие норматива» (при всех Ki = 1 → ЧД = Норматив);
      ∏Ki — произведение коэффициентов выбранных параметров трудоёмкости.

• Округление: ОКРУГЛ.ВВЕРХ(…; 0,1) — вверх до 0,1 чд
• Итог этапа: ЧД(этап) = Σ ЧД включённых работ этапа

Переменные — параметры трудоёмкости (Ki, по умолчанию = 1):
  — Сложность предметной области: Низкая→0.75; Средняя→1; Высокая→1.5; Неизвестно→1.25
  — Количество сущностей (исходных таблиц): Точечное(1-4)→0.5; Малое(5-9)→0.75; Среднее(9-15)→1; Крупное(15-20)→1.25; Большое(20-25)→1.5; Масштабное(25+)→1.75; Неизвестно→1.25
  — Детализация и ясность запроса постановки задачи: Высокая→0.75; Средняя→1.25; Низкая→1.5; Неизвестно→1
  — Риск появления дополнительных систем-источников: Да→0.75; Нет→1.25; Неизвестно→1
  — Необходимо уточнение требований по составу выгружаемых данных и алгоритмам расчета метрик: Да→0.75; Нет→1.25; Неизвестно→1

Операнды: «×» — умножение норматива на коэффициенты Ki; при всех Ki = 1 → ЧД = Норматив.";"1) Триггер (когда работа включается): Тип системы-источника (внешний), Необходимо подтвердить возможность интеграции.
2) Норматив: 0,7 чд — базовый ЧД при значениях параметров по умолчанию (все K=1).
3) Формула ЧД: ЧД(работы) = ОКРУГЛ.ВВЕРХ(Норматив × [Сложность предметной области] × [Количество сущностей (исходных таблиц)] × [Детализация и ясность запроса постановки задачи] × [Риск появления дополнительных систем-источников] × [Необходимо уточнение требований по составу выгружаемых данных и алгоритмам расчета метрик]; 0,1) — норматив участвует множителем; подробно см. столбец «Формула».

4) Параметры трудоёмкости (переименованы по «Параметрам по блокам»; при выборе значения подтягивается коэффициент Kпараметра):
— Сложность предметной области: Низкая→0.75; Средняя→1; Высокая→1.5; Неизвестно→1.25
— Количество сущностей (исходных таблиц): Точечное(1-4)→0.5; Малое(5-9)→0.75; Среднее(9-15)→1; Крупное(15-20)→1.25; Большое(20-25)→1.5; Масштабное(25)→1.75; Неизвестно→1.25
— Детализация и ясность запроса постановки задачи: Высокая→0.75; Средняя→1.25; Низкая→1.5; Неизвестно→1
— Риск появления дополнительных систем-источников: Да→0.75; Нет→1.25; Неизвестно→1
— Необходимо уточнение требований по составу выгружаемых данных и алгоритмам расчета метрик: Да→0.75; Нет→1.25; Неизвестно→1
5) Результат по этапу: ЧД(этап) = Σ ЧД всех включённых работ этапа.";;"Указывать ли инциировано пред этапом в параметрах трудоемкости?

Какие виды работ возможны (разработка с нуля, доработка, и так далее)? Будет ли различатся трудоемкость для разных видов работ?";;"Решение по всей детализации работ ИД.Внешний (строки 35–107): оставить как есть, но в наименование каждой работы добавить префикс с этапом и/или арх. компонентом (например, ""[214]"" или ""[Витрина]/[Интеграция]"").
Также по параметру ""Инициировано предыдущим этапом"" — не указывать на уровне работ, разобраться централизованно (см. лист СА Параметры строку 13)."
ИД. Внешний;Арх. Компонент. Система-источник;Планирование и работа с бэклогом;Этап 214. Планирование и работа с бэклогом;Этап 214;Опциональная;1;Тип системы-источника (внешний), Необходимо подтвердить возможность интеграции;"1. Сложность предметной области
2. Количество сущностей (исходных таблиц)
3. Детализация и ясность запроса постановки задачи
4. Риск появления дополнительных систем-источников
5. Необходимо уточнение требований по составу выгружаемых данных и алгоритмам расчета метрик
6. NDA
7. Наличие конфиденциальных данных";"ЧД(работы) = ОКРУГЛ.ВВЕРХ(Норматив × [Сложность предметной области] × [Количество сущностей (исходных таблиц)] × [Детализация и ясность запроса постановки задачи] × [Риск появления дополнительных систем-источников] × [Необходимо уточнение требований по составу выгружаемых данных и алгоритмам расчета метрик] × [NDA] × [Наличие конфиденциальных данных]; 0,1)
  где Норматив — базовая оценка из столбца «Наличие норматива» (при всех Ki = 1 → ЧД = Норматив);
      ∏Ki — произведение коэффициентов выбранных параметров трудоёмкости.

• Округление: ОКРУГЛ.ВВЕРХ(…; 0,1) — вверх до 0,1 чд
• Итог этапа: ЧД(этап) = Σ ЧД включённых работ этапа

Переменные — параметры трудоёмкости (Ki, по умолчанию = 1):
  — Сложность предметной области: Низкая→0.75; Средняя→1; Высокая→1.5; Неизвестно→1.25
  — Количество сущностей (исходных таблиц): Точечное(1-4)→0.5; Малое(5-9)→0.75; Среднее(9-15)→1; Крупное(15-20)→1.25; Большое(20-25)→1.5; Масштабное(25+)→1.75; Неизвестно→1.25
  — Детализация и ясность запроса постановки задачи: Высокая→0.75; Средняя→1.25; Низкая→1.5; Неизвестно→1
  — Риск появления дополнительных систем-источников: Да→0.75; Нет→1.25; Неизвестно→1
  — Необходимо уточнение требований по составу выгружаемых данных и алгоритмам расчета метрик: Да→0.75; Нет→1.25; Неизвестно→1
  — NDA: Стандартное→0.75; Нестандартное→1.25; Не требуется→0; Неизвестно→1
  — Наличие конфиденциальных данных: Да→1.25; Нет→0; Неизвестно→1

Операнды: «×» — умножение норматива на коэффициенты Ki; при всех Ki = 1 → ЧД = Норматив.";"1) Триггер (когда работа включается): Тип системы-источника (внешний), Необходимо подтвердить возможность интеграции.
2) Норматив: 1 чд — базовый ЧД при значениях параметров по умолчанию (все K=1).
3) Формула ЧД: ЧД(работы) = ОКРУГЛ.ВВЕРХ(Норматив × [Сложность предметной области] × [Количество сущностей (исходных таблиц)] × [Детализация и ясность запроса постановки задачи] × [Риск появления дополнительных систем-источников] × [Необходимо уточнение требований по составу выгружаемых данных и алгоритмам расчета метрик] × [NDA] × [Наличие конфиденциальных данных]; 0,1) — норматив участвует множителем; подробно см. столбец «Формула».

4) Параметры трудоёмкости (переименованы по «Параметрам по блокам»; при выборе значения подтягивается коэффициент Kпараметра):
— Сложность предметной области: Низкая→0.75; Средняя→1; Высокая→1.5; Неизвестно→1.25
— Количество сущностей (исходных таблиц): Точечное(1-4)→0.5; Малое(5-9)→0.75; Среднее(9-15)→1; Крупное(15-20)→1.25; Большое(20-25)→1.5; Масштабное(25)→1.75; Неизвестно→1.25
— Детализация и ясность запроса постановки задачи: Высокая→0.75; Средняя→1.25; Низкая→1.5; Неизвестно→1
— Риск появления дополнительных систем-источников: Да→0.75; Нет→1.25; Неизвестно→1
— Необходимо уточнение требований по составу выгружаемых данных и алгоритмам расчета метрик: Да→0.75; Нет→1.25; Неизвестно→1
— NDA: Стандартное→0.75; Нестандартное→1.25; Не требуется→0 (работы NDA исключаются); Неизвестно→1
— Наличие конфиденциальных данных: Да→1.25; Нет→0; Неизвестно→1
5) Результат по этапу: ЧД(этап) = Σ ЧД всех включённых работ этапа.";;"Некоторые названия работ дублируются на разных этапах. Как их отражать в СА: отдельными строками (с различающимися названиями), одной строкой с суммарными трудозатратами?
Необходимость такой детализации? Возможно ли ограничиться этапами?";Детализация не требуется в СА;Решение: при наименовании работ, дублирующихся на разных этапах, добавлять префикс этапа/арх. компонента. Унифицированное наименование с применением к разным сущностям предпочтительнее.
ИД. Внешний;Арх. Компонент. Система-источник;Сбор и анализ требований;Этап 214. Сбор и анализ требований;Этап 214;Опциональная;0,9;Тип системы-источника (внешний), Необходимо подтвердить возможность интеграции;"1. Сложность предметной области
2. Количество сущностей (исходных таблиц)
3. Детализация и ясность запроса постановки задачи
4. Риск появления дополнительных систем-источников
5. Необходимо уточнение требований по составу выгружаемых данных и алгоритмам расчета метрик
6. Наличие конфиденциальных данных";"ЧД(работы) = ОКРУГЛ.ВВЕРХ(Норматив × [Сложность предметной области] × [Количество сущностей (исходных таблиц)] × [Детализация и ясность запроса постановки задачи] × [Риск появления дополнительных систем-источников] × [Необходимо уточнение требований по составу выгружаемых данных и алгоритмам расчета метрик] × [Наличие конфиденциальных данных]; 0,1)
  где Норматив — базовая оценка из столбца «Наличие норматива» (при всех Ki = 1 → ЧД = Норматив);
      ∏Ki — произведение коэффициентов выбранных параметров трудоёмкости.

• Округление: ОКРУГЛ.ВВЕРХ(…; 0,1) — вверх до 0,1 чд
• Итог этапа: ЧД(этап) = Σ ЧД включённых работ этапа

Переменные — параметры трудоёмкости (Ki, по умолчанию = 1):
  — Сложность предметной области: Низкая→0.75; Средняя→1; Высокая→1.5; Неизвестно→1.25
  — Количество сущностей (исходных таблиц): Точечное(1-4)→0.5; Малое(5-9)→0.75; Среднее(9-15)→1; Крупное(15-20)→1.25; Большое(20-25)→1.5; Масштабное(25+)→1.75; Неизвестно→1.25
  — Детализация и ясность запроса постановки задачи: Высокая→0.75; Средняя→1.25; Низкая→1.5; Неизвестно→1
  — Риск появления дополнительных систем-источников: Да→0.75; Нет→1.25; Неизвестно→1
  — Необходимо уточнение требований по составу выгружаемых данных и алгоритмам расчета метрик: Да→0.75; Нет→1.25; Неизвестно→1
  — Наличие конфиденциальных данных: Да→1.25; Нет→0; Неизвестно→1

Операнды: «×» — умножение норматива на коэффициенты Ki; при всех Ki = 1 → ЧД = Норматив.";"1) Триггер (когда работа включается): Тип системы-источника (внешний), Необходимо подтвердить возможность интеграции.
2) Норматив: 0,9 чд — базовый ЧД при значениях параметров по умолчанию (все K=1).
3) Формула ЧД: ЧД(работы) = ОКРУГЛ.ВВЕРХ(Норматив × [Сложность предметной области] × [Количество сущностей (исходных таблиц)] × [Детализация и ясность запроса постановки задачи] × [Риск появления дополнительных систем-источников] × [Необходимо уточнение требований по составу выгружаемых данных и алгоритмам расчета метрик] × [Наличие конфиденциальных данных]; 0,1) — норматив участвует множителем; подробно см. столбец «Формула».

4) Параметры трудоёмкости (переименованы по «Параметрам по блокам»; при выборе значения подтягивается коэффициент Kпараметра):
— Сложность предметной области: Низкая→0.75; Средняя→1; Высокая→1.5; Неизвестно→1.25
— Количество сущностей (исходных таблиц): Точечное(1-4)→0.5; Малое(5-9)→0.75; Среднее(9-15)→1; Крупное(15-20)→1.25; Большое(20-25)→1.5; Масштабное(25)→1.75; Неизвестно→1.25
— Детализация и ясность запроса постановки задачи: Высокая→0.75; Средняя→1.25; Низкая→1.5; Неизвестно→1
— Риск появления дополнительных систем-источников: Да→0.75; Нет→1.25; Неизвестно→1
— Необходимо уточнение требований по составу выгружаемых данных и алгоритмам расчета метрик: Да→0.75; Нет→1.25; Неизвестно→1
— Наличие конфиденциальных данных: Да→1.25; Нет→0; Неизвестно→1
5) Результат по этапу: ЧД(этап) = Σ ЧД всех включённых работ этапа.";;;;
ИД. Внешний;Арх. Компонент. Система-источник;Поиск и анализ источника(ов) и данных;Этап 214. Поиск и анализ источника(ов) и данных;Этап 214;Опциональная;2,7;Тип системы-источника (внешний), Необходимо подтвердить возможность интеграции;"1. Сложность предметной области
2. Количество сущностей (исходных таблиц)
3. Детализация и ясность запроса постановки задачи
4. Риск появления дополнительных систем-источников
5. Необходимо уточнение требований по составу выгружаемых данных и алгоритмам расчета метрик
6. NDA
7. Наличие конфиденциальных данных";"ЧД(работы) = ОКРУГЛ.ВВЕРХ(Норматив × [Сложность предметной области] × [Количество сущностей (исходных таблиц)] × [Детализация и ясность запроса постановки задачи] × [Риск появления дополнительных систем-источников] × [Необходимо уточнение требований по составу выгружаемых данных и алгоритмам расчета метрик] × [NDA] × [Наличие конфиденциальных данных]; 0,1)
  где Норматив — базовая оценка из столбца «Наличие норматива» (при всех Ki = 1 → ЧД = Норматив);
      ∏Ki — произведение коэффициентов выбранных параметров трудоёмкости.

• Округление: ОКРУГЛ.ВВЕРХ(…; 0,1) — вверх до 0,1 чд
• Итог этапа: ЧД(этап) = Σ ЧД включённых работ этапа

Переменные — параметры трудоёмкости (Ki, по умолчанию = 1):
  — Сложность предметной области: Низкая→0.75; Средняя→1; Высокая→1.5; Неизвестно→1.25
  — Количество сущностей (исходных таблиц): Точечное(1-4)→0.5; Малое(5-9)→0.75; Среднее(9-15)→1; Крупное(15-20)→1.25; Большое(20-25)→1.5; Масштабное(25+)→1.75; Неизвестно→1.25
  — Детализация и ясность запроса постановки задачи: Высокая→0.75; Средняя→1.25; Низкая→1.5; Неизвестно→1
  — Риск появления дополнительных систем-источников: Да→0.75; Нет→1.25; Неизвестно→1
  — Необходимо уточнение требований по составу выгружаемых данных и алгоритмам расчета метрик: Да→0.75; Нет→1.25; Неизвестно→1
  — NDA: Стандартное→0.75; Нестандартное→1.25; Не требуется→0; Неизвестно→1
  — Наличие конфиденциальных данных: Да→1.25; Нет→0; Неизвестно→1

Операнды: «×» — умножение норматива на коэффициенты Ki; при всех Ki = 1 → ЧД = Норматив.";"1) Триггер (когда работа включается): Тип системы-источника (внешний), Необходимо подтвердить возможность интеграции.
2) Норматив: 2,7 чд — базовый ЧД при значениях параметров по умолчанию (все K=1).
3) Формула ЧД: ЧД(работы) = ОКРУГЛ.ВВЕРХ(Норматив × [Сложность предметной области] × [Количество сущностей (исходных таблиц)] × [Детализация и ясность запроса постановки задачи] × [Риск появления дополнительных систем-источников] × [Необходимо уточнение требований по составу выгружаемых данных и алгоритмам расчета метрик] × [NDA] × [Наличие конфиденциальных данных]; 0,1) — норматив участвует множителем; подробно см. столбец «Формула».

4) Параметры трудоёмкости (переименованы по «Параметрам по блокам»; при выборе значения подтягивается коэффициент Kпараметра):
— Сложность предметной области: Низкая→0.75; Средняя→1; Высокая→1.5; Неизвестно→1.25
— Количество сущностей (исходных таблиц): Точечное(1-4)→0.5; Малое(5-9)→0.75; Среднее(9-15)→1; Крупное(15-20)→1.25; Большое(20-25)→1.5; Масштабное(25)→1.75; Неизвестно→1.25
— Детализация и ясность запроса постановки задачи: Высокая→0.75; Средняя→1.25; Низкая→1.5; Неизвестно→1
— Риск появления дополнительных систем-источников: Да→0.75; Нет→1.25; Неизвестно→1
— Необходимо уточнение требований по составу выгружаемых данных и алгоритмам расчета метрик: Да→0.75; Нет→1.25; Неизвестно→1
— NDA: Стандартное→0.75; Нестандартное→1.25; Не требуется→0 (работы NDA исключаются); Неизвестно→1
— Наличие конфиденциальных данных: Да→1.25; Нет→0; Неизвестно→1
5) Результат по этапу: ЧД(этап) = Σ ЧД всех включённых работ этапа.";;;;
ИД. Внешний;Арх. Компонент. Система-источник;Подготовка АЗ для заключения NDA, согласование содержания NDA;Этап 214. Подготовка АЗ для заключения NDA, согласование содержания NDA;Этап 214;Опциональная;0,6;Тип системы-источника (внешний), Необходимо подтвердить возможность интеграции;"1. Сложность предметной области
2. Количество сущностей (исходных таблиц)
3. NDA
4. Наличие конфиденциальных данных";"ЧД(работы) = ОКРУГЛ.ВВЕРХ(Норматив × [Сложность предметной области] × [Количество сущностей (исходных таблиц)] × [NDA] × [Наличие конфиденциальных данных]; 0,1)
  где Норматив — базовая оценка из столбца «Наличие норматива» (при всех Ki = 1 → ЧД = Норматив);
      ∏Ki — произведение коэффициентов выбранных параметров трудоёмкости.

• Округление: ОКРУГЛ.ВВЕРХ(…; 0,1) — вверх до 0,1 чд
• Итог этапа: ЧД(этап) = Σ ЧД включённых работ этапа

Переменные — параметры трудоёмкости (Ki, по умолчанию = 1):
  — Сложность предметной области: Низкая→0.75; Средняя→1; Высокая→1.5; Неизвестно→1.25
  — Количество сущностей (исходных таблиц): Точечное(1-4)→0.5; Малое(5-9)→0.75; Среднее(9-15)→1; Крупное(15-20)→1.25; Большое(20-25)→1.5; Масштабное(25+)→1.75; Неизвестно→1.25
  — NDA: Стандартное→0.75; Нестандартное→1.25; Не требуется→0; Неизвестно→1
  — Наличие конфиденциальных данных: Да→1.25; Нет→0; Неизвестно→1

Операнды: «×» — умножение норматива на коэффициенты Ki; при всех Ki = 1 → ЧД = Норматив.";"1) Триггер (когда работа включается): Тип системы-источника (внешний), Необходимо подтвердить возможность интеграции.
2) Норматив: 0,6 чд — базовый ЧД при значениях параметров по умолчанию (все K=1).
3) Формула ЧД: ЧД(работы) = ОКРУГЛ.ВВЕРХ(Норматив × [Сложность предметной области] × [Количество сущностей (исходных таблиц)] × [NDA] × [Наличие конфиденциальных данных]; 0,1) — норматив участвует множителем; подробно см. столбец «Формула».

4) Параметры трудоёмкости (переименованы по «Параметрам по блокам»; при выборе значения подтягивается коэффициент Kпараметра):
— Сложность предметной области: Низкая→0.75; Средняя→1; Высокая→1.5; Неизвестно→1.25
— Количество сущностей (исходных таблиц): Точечное(1-4)→0.5; Малое(5-9)→0.75; Среднее(9-15)→1; Крупное(15-20)→1.25; Большое(20-25)→1.5; Масштабное(25)→1.75; Неизвестно→1.25
— NDA: Стандартное→0.75; Нестандартное→1.25; Не требуется→0 (работы NDA исключаются); Неизвестно→1
— Наличие конфиденциальных данных: Да→1.25; Нет→0; Неизвестно→1
5) Результат по этапу: ЧД(этап) = Σ ЧД всех включённых работ этапа.";;;;
ИД. Внешний;Арх. Компонент. Система-источник;Получение визы от ИБ и ЮБ по возможности обмена конфиденциальными данными;Этап 214. Получение визы от ИБ и ЮБ по возможности обмена конфиденциальными данными;Этап 214;Опциональная;0,7;Тип системы-источника (внешний), Необходимо подтвердить возможность интеграции;"1. Сложность предметной области
2. Количество сущностей (исходных таблиц)
3. Наличие конфиденциальных данных";"ЧД(работы) = ОКРУГЛ.ВВЕРХ(Норматив × [Сложность предметной области] × [Количество сущностей (исходных таблиц)] × [Наличие конфиденциальных данных]; 0,1)
  где Норматив — базовая оценка из столбца «Наличие норматива» (при всех Ki = 1 → ЧД = Норматив);
      ∏Ki — произведение коэффициентов выбранных параметров трудоёмкости.

• Округление: ОКРУГЛ.ВВЕРХ(…; 0,1) — вверх до 0,1 чд
• Итог этапа: ЧД(этап) = Σ ЧД включённых работ этапа

Переменные — параметры трудоёмкости (Ki, по умолчанию = 1):
  — Сложность предметной области: Низкая→0.75; Средняя→1; Высокая→1.5; Неизвестно→1.25
  — Количество сущностей (исходных таблиц): Точечное(1-4)→0.5; Малое(5-9)→0.75; Среднее(9-15)→1; Крупное(15-20)→1.25; Большое(20-25)→1.5; Масштабное(25+)→1.75; Неизвестно→1.25
  — Наличие конфиденциальных данных: Да→1.25; Нет→0; Неизвестно→1

Операнды: «×» — умножение норматива на коэффициенты Ki; при всех Ki = 1 → ЧД = Норматив.";"1) Триггер (когда работа включается): Тип системы-источника (внешний), Необходимо подтвердить возможность интеграции.
2) Норматив: 0,7 чд — базовый ЧД при значениях параметров по умолчанию (все K=1).
3) Формула ЧД: ЧД(работы) = ОКРУГЛ.ВВЕРХ(Норматив × [Сложность предметной области] × [Количество сущностей (исходных таблиц)] × [Наличие конфиденциальных данных]; 0,1) — норматив участвует множителем; подробно см. столбец «Формула».

4) Параметры трудоёмкости (переименованы по «Параметрам по блокам»; при выборе значения подтягивается коэффициент Kпараметра):
— Сложность предметной области: Низкая→0.75; Средняя→1; Высокая→1.5; Неизвестно→1.25
— Количество сущностей (исходных таблиц): Точечное(1-4)→0.5; Малое(5-9)→0.75; Среднее(9-15)→1; Крупное(15-20)→1.25; Большое(20-25)→1.5; Масштабное(25)→1.75; Неизвестно→1.25
— Наличие конфиденциальных данных: Да→1.25; Нет→0; Неизвестно→1
5) Результат по этапу: ЧД(этап) = Σ ЧД всех включённых работ этапа.";;;;
ИД. Внешний;Арх. Компонент. Система-источник;Подготовка Отчета о проведенном Исследовании и согласование результата;Этап 214. Подготовка Отчета о проведенном Исследовании и согласование результата;Этап 214;Опциональная;0,8;Тип системы-источника (внешний), Необходимо подтвердить возможность интеграции;"1. Сложность предметной области
2. Количество сущностей (исходных таблиц)
3. Наличие конфиденциальных данных";"ЧД(работы) = ОКРУГЛ.ВВЕРХ(Норматив × [Сложность предметной области] × [Количество сущностей (исходных таблиц)] × [Наличие конфиденциальных данных]; 0,1)
  где Норматив — базовая оценка из столбца «Наличие норматива» (при всех Ki = 1 → ЧД = Норматив);
      ∏Ki — произведение коэффициентов выбранных параметров трудоёмкости.

• Округление: ОКРУГЛ.ВВЕРХ(…; 0,1) — вверх до 0,1 чд
• Итог этапа: ЧД(этап) = Σ ЧД включённых работ этапа

Переменные — параметры трудоёмкости (Ki, по умолчанию = 1):
  — Сложность предметной области: Низкая→0.75; Средняя→1; Высокая→1.5; Неизвестно→1.25
  — Количество сущностей (исходных таблиц): Точечное(1-4)→0.5; Малое(5-9)→0.75; Среднее(9-15)→1; Крупное(15-20)→1.25; Большое(20-25)→1.5; Масштабное(25+)→1.75; Неизвестно→1.25
  — Наличие конфиденциальных данных: Да→1.25; Нет→0; Неизвестно→1

Операнды: «×» — умножение норматива на коэффициенты Ki; при всех Ki = 1 → ЧД = Норматив.";"1) Триггер (когда работа включается): Тип системы-источника (внешний), Необходимо подтвердить возможность интеграции.
2) Норматив: 0,8 чд — базовый ЧД при значениях параметров по умолчанию (все K=1).
3) Формула ЧД: ЧД(работы) = ОКРУГЛ.ВВЕРХ(Норматив × [Сложность предметной области] × [Количество сущностей (исходных таблиц)] × [Наличие конфиденциальных данных]; 0,1) — норматив участвует множителем; подробно см. столбец «Формула».

4) Параметры трудоёмкости (переименованы по «Параметрам по блокам»; при выборе значения подтягивается коэффициент Kпараметра):
— Сложность предметной области: Низкая→0.75; Средняя→1; Высокая→1.5; Неизвестно→1.25
— Количество сущностей (исходных таблиц): Точечное(1-4)→0.5; Малое(5-9)→0.75; Среднее(9-15)→1; Крупное(15-20)→1.25; Большое(20-25)→1.5; Масштабное(25)→1.75; Неизвестно→1.25
— Наличие конфиденциальных данных: Да→1.25; Нет→0; Неизвестно→1
5) Результат по этапу: ЧД(этап) = Σ ЧД всех включённых работ этапа.";;;;
ИД. Внешний;Арх. Компонент. Система-источник;Доработка внутренней документации и информационных ресурсов группы;Этап 214. Доработка внутренней документации и информационных ресурсов группы;Этап 214;Опциональная;1;Тип системы-источника (внешний), Необходимо подтвердить возможность интеграции;"1. Количество сущностей (исходных таблиц)
2. NDA";"ЧД(работы) = ОКРУГЛ.ВВЕРХ(Норматив × [Количество сущностей (исходных таблиц)] × [NDA]; 0,1)
  где Норматив — базовая оценка из столбца «Наличие норматива» (при всех Ki = 1 → ЧД = Норматив);
      ∏Ki — произведение коэффициентов выбранных параметров трудоёмкости.

• Округление: ОКРУГЛ.ВВЕРХ(…; 0,1) — вверх до 0,1 чд
• Итог этапа: ЧД(этап) = Σ ЧД включённых работ этапа

Переменные — параметры трудоёмкости (Ki, по умолчанию = 1):
  — Количество сущностей (исходных таблиц): Точечное(1-4)→0.5; Малое(5-9)→0.75; Среднее(9-15)→1; Крупное(15-20)→1.25; Большое(20-25)→1.5; Масштабное(25+)→1.75; Неизвестно→1.25
  — NDA: Стандартное→0.75; Нестандартное→1.25; Не требуется→0; Неизвестно→1

Операнды: «×» — умножение норматива на коэффициенты Ki; при всех Ki = 1 → ЧД = Норматив.";"1) Триггер (когда работа включается): Тип системы-источника (внешний), Необходимо подтвердить возможность интеграции.
2) Норматив: 1 чд — базовый ЧД при значениях параметров по умолчанию (все K=1).
3) Формула ЧД: ЧД(работы) = ОКРУГЛ.ВВЕРХ(Норматив × [Количество сущностей (исходных таблиц)] × [NDA]; 0,1) — норматив участвует множителем; подробно см. столбец «Формула».

4) Параметры трудоёмкости (переименованы по «Параметрам по блокам»; при выборе значения подтягивается коэффициент Kпараметра):
— Количество сущностей (исходных таблиц): Точечное(1-4)→0.5; Малое(5-9)→0.75; Среднее(9-15)→1; Крупное(15-20)→1.25; Большое(20-25)→1.5; Масштабное(25)→1.75; Неизвестно→1.25
— NDA: Стандартное→0.75; Нестандартное→1.25; Не требуется→0 (работы NDA исключаются); Неизвестно→1
5) Результат по этапу: ЧД(этап) = Σ ЧД всех включённых работ этапа.";;;;
ИД. Внешний;Арх. Компонент. Система-источник;Интервьюирование заказчика, подтверждение финансирования и обработка RDS;Этап 215. Интервьюирование заказчика, подтверждение финансирования и обработка RDS;Этап 215;Опциональная;0,7;Тип системы-источника (внешний), Пилот (первичный, повторный);"1. Пилот
2. Требуется хэширование/ шифрование
3. Режим обмена данными";"ЧД(работы) = ОКРУГЛ.ВВЕРХ(Норматив × [Пилот] × [Требуется хэширование/ шифрование] × [Режим обмена данными]; 0,1)
  где Норматив — базовая оценка из столбца «Наличие норматива» (при всех Ki = 1 → ЧД = Норматив);
      ∏Ki — произведение коэффициентов выбранных параметров трудоёмкости.

• Округление: ОКРУГЛ.ВВЕРХ(…; 0,1) — вверх до 0,1 чд
• Итог этапа: ЧД(этап) = Σ ЧД включённых работ этапа

Переменные — параметры трудоёмкости (Ki, по умолчанию = 1):
  — Пилот: Первичный→1.1; Повторный→0.75; Не требуется→ работы пилота исключаются
  — Требуется хэширование/ шифрование: Да→1.25; Нет→0.75; Неизвестно→1 (на «Система-источник» Нет→0.9)
  — Режим обмена данными: Односторонний→0.9; Двусторонний→1.25; Неизвестно→1

Операнды: «×» — умножение норматива на коэффициенты Ki; при всех Ki = 1 → ЧД = Норматив.";"1) Триггер (когда работа включается): Тип системы-источника (внешний), Пилот (первичный, повторный).
2) Норматив: 0,7 чд — базовый ЧД при значениях параметров по умолчанию (все K=1).
3) Формула ЧД: ЧД(работы) = ОКРУГЛ.ВВЕРХ(Норматив × [Пилот] × [Требуется хэширование/ шифрование] × [Режим обмена данными]; 0,1) — норматив участвует множителем; подробно см. столбец «Формула».

4) Параметры трудоёмкости (переименованы по «Параметрам по блокам»; при выборе значения подтягивается коэффициент Kпараметра):
— Пилот: Первичный→1.1; Повторный→0.75; Не требуется→ работы пилота исключаются
— Требуется хэширование/ шифрование: Да→1.25; Нет→0.75; Неизвестно→1 (на «Система-источник» Нет→0.9)
— Режим обмена данными: Односторонний→0.9; Двусторонний→1.25; Неизвестно→1
5) Результат по этапу: ЧД(этап) = Σ ЧД всех включённых работ этапа.";;Учтонить про условие срабатывания по полю - Новый пилот или повторный;"6. Пилот / разовая загрузка предусматривает двусторонний обмен данными:
  Неизвестно / Да / Нет";"Решение: условие срабатывания — отдельный параметр ""Пилот по данным"" со значениями Нет/Первичный/Повторный (см. СА Параметры строку 26)."
ИД. Внешний;Арх. Компонент. Система-источник;Планирование и работа с бэклогом;Этап 215. Планирование и работа с бэклогом;Этап 215;Опциональная;0,9;Тип системы-источника (внешний), Пилот (первичный, повторный);"1. Пилот
2. NDA
3. Наличие юридического основания для пилота
4. Наличие конфиденциальных данных
5. Требуется хэширование/ шифрование
6. Режим обмена данными";"ЧД(работы) = ОКРУГЛ.ВВЕРХ(Норматив × [Пилот] × [NDA] × [Наличие юридического основания для пилота] × [Наличие конфиденциальных данных] × [Требуется хэширование/ шифрование] × [Режим обмена данными]; 0,1)
  где Норматив — базовая оценка из столбца «Наличие норматива» (при всех Ki = 1 → ЧД = Норматив);
      ∏Ki — произведение коэффициентов выбранных параметров трудоёмкости.

• Округление: ОКРУГЛ.ВВЕРХ(…; 0,1) — вверх до 0,1 чд
• Итог этапа: ЧД(этап) = Σ ЧД включённых работ этапа

Переменные — параметры трудоёмкости (Ki, по умолчанию = 1):
  — Пилот: Первичный→1.1; Повторный→0.75; Не требуется→ работы пилота исключаются
  — NDA: Стандартное→0.75; Нестандартное→1.25; Не требуется→0; Неизвестно→1
  — Наличие юридического основания для пилота: Да→0; Нет→1.25; Неизвестно→1
  — Наличие конфиденциальных данных: Да→1.25; Нет→0; Неизвестно→1
  — Требуется хэширование/ шифрование: Да→1.25; Нет→0.75; Неизвестно→1 (на «Система-источник» Нет→0.9)
  — Режим обмена данными: Односторонний→0.9; Двусторонний→1.25; Неизвестно→1

Операнды: «×» — умножение норматива на коэффициенты Ki; при всех Ki = 1 → ЧД = Норматив.";"1) Триггер (когда работа включается): Тип системы-источника (внешний), Пилот (первичный, повторный).
2) Норматив: 0,9 чд — базовый ЧД при значениях параметров по умолчанию (все K=1).
3) Формула ЧД: ЧД(работы) = ОКРУГЛ.ВВЕРХ(Норматив × [Пилот] × [NDA] × [Наличие юридического основания для пилота] × [Наличие конфиденциальных данных] × [Требуется хэширование/ шифрование] × [Режим обмена данными]; 0,1) — норматив участвует множителем; подробно см. столбец «Формула».

4) Параметры трудоёмкости (переименованы по «Параметрам по блокам»; при выборе значения подтягивается коэффициент Kпараметра):
— Пилот: Первичный→1.1; Повторный→0.75; Не требуется→ работы пилота исключаются
— NDA: Стандартное→0.75; Нестандартное→1.25; Не требуется→0 (работы NDA исключаются); Неизвестно→1
— Наличие юридического основания для пилота: Да→0; Нет→1.25; Неизвестно→1
— Наличие конфиденциальных данных: Да→1.25; Нет→0; Неизвестно→1
— Требуется хэширование/ шифрование: Да→1.25; Нет→0.75; Неизвестно→1 (на «Система-источник» Нет→0.9)
— Режим обмена данными: Односторонний→0.9; Двусторонний→1.25; Неизвестно→1
5) Результат по этапу: ЧД(этап) = Σ ЧД всех включённых работ этапа.";;"Как отражать пилот в СА (с детализацией по арх. компонентами или без)?
Если с детализацией - соотнести работы с арх. компонентами, при необходимости, продублировать.";;Решение: оставить детализацию по арх. компонентам с префиксом в наименовании работ.
ИД. Внешний;Арх. Компонент. Система-источник;Сбор и анализ требований;Этап 215. Сбор и анализ требований;Этап 215;Опциональная;0,9;Тип системы-источника (внешний), Пилот (первичный, повторный);"1. Пилот
2. Наличие конфиденциальных данных
3. Требуется хэширование/ шифрование
4. Режим обмена данными";"ЧД(работы) = ОКРУГЛ.ВВЕРХ(Норматив × [Пилот] × [Наличие конфиденциальных данных] × [Требуется хэширование/ шифрование] × [Режим обмена данными]; 0,1)
  где Норматив — базовая оценка из столбца «Наличие норматива» (при всех Ki = 1 → ЧД = Норматив);
      ∏Ki — произведение коэффициентов выбранных параметров трудоёмкости.

• Округление: ОКРУГЛ.ВВЕРХ(…; 0,1) — вверх до 0,1 чд
• Итог этапа: ЧД(этап) = Σ ЧД включённых работ этапа

Переменные — параметры трудоёмкости (Ki, по умолчанию = 1):
  — Пилот: Первичный→1.1; Повторный→0.75; Не требуется→ работы пилота исключаются
  — Наличие конфиденциальных данных: Да→1.25; Нет→0; Неизвестно→1
  — Требуется хэширование/ шифрование: Да→1.25; Нет→0.75; Неизвестно→1 (на «Система-источник» Нет→0.9)
  — Режим обмена данными: Односторонний→0.9; Двусторонний→1.25; Неизвестно→1

Операнды: «×» — умножение норматива на коэффициенты Ki; при всех Ki = 1 → ЧД = Норматив.";"1) Триггер (когда работа включается): Тип системы-источника (внешний), Пилот (первичный, повторный).
2) Норматив: 0,9 чд — базовый ЧД при значениях параметров по умолчанию (все K=1).
3) Формула ЧД: ЧД(работы) = ОКРУГЛ.ВВЕРХ(Норматив × [Пилот] × [Наличие конфиденциальных данных] × [Требуется хэширование/ шифрование] × [Режим обмена данными]; 0,1) — норматив участвует множителем; подробно см. столбец «Формула».

4) Параметры трудоёмкости (переименованы по «Параметрам по блокам»; при выборе значения подтягивается коэффициент Kпараметра):
— Пилот: Первичный→1.1; Повторный→0.75; Не требуется→ работы пилота исключаются
— Наличие конфиденциальных данных: Да→1.25; Нет→0; Неизвестно→1
— Требуется хэширование/ шифрование: Да→1.25; Нет→0.75; Неизвестно→1 (на «Система-источник» Нет→0.9)
— Режим обмена данными: Односторонний→0.9; Двусторонний→1.25; Неизвестно→1
5) Результат по этапу: ЧД(этап) = Σ ЧД всех включённых работ этапа.";;;;
ИД. Внешний;Арх. Компонент. Система-источник;Подготовка АЗ для заключения NDA, согласование содержания NDA;Этап 215. Подготовка АЗ для заключения NDA, согласование содержания NDA;Этап 215;Опциональная;0,6;Тип системы-источника (внешний), Пилот (первичный, повторный);"1. Пилот
2. NDA
3. Наличие конфиденциальных данных
4. Режим обмена данными";"ЧД(работы) = ОКРУГЛ.ВВЕРХ(Норматив × [Пилот] × [NDA] × [Наличие конфиденциальных данных] × [Режим обмена данными]; 0,1)
  где Норматив — базовая оценка из столбца «Наличие норматива» (при всех Ki = 1 → ЧД = Норматив);
      ∏Ki — произведение коэффициентов выбранных параметров трудоёмкости.

• Округление: ОКРУГЛ.ВВЕРХ(…; 0,1) — вверх до 0,1 чд
• Итог этапа: ЧД(этап) = Σ ЧД включённых работ этапа

Переменные — параметры трудоёмкости (Ki, по умолчанию = 1):
  — Пилот: Первичный→1.1; Повторный→0.75; Не требуется→ работы пилота исключаются
  — NDA: Стандартное→0.75; Нестандартное→1.25; Не требуется→0; Неизвестно→1
  — Наличие конфиденциальных данных: Да→1.25; Нет→0; Неизвестно→1
  — Режим обмена данными: Односторонний→0.9; Двусторонний→1.25; Неизвестно→1

Операнды: «×» — умножение норматива на коэффициенты Ki; при всех Ki = 1 → ЧД = Норматив.";"1) Триггер (когда работа включается): Тип системы-источника (внешний), Пилот (первичный, повторный).
2) Норматив: 0,6 чд — базовый ЧД при значениях параметров по умолчанию (все K=1).
3) Формула ЧД: ЧД(работы) = ОКРУГЛ.ВВЕРХ(Норматив × [Пилот] × [NDA] × [Наличие конфиденциальных данных] × [Режим обмена данными]; 0,1) — норматив участвует множителем; подробно см. столбец «Формула».

4) Параметры трудоёмкости (переименованы по «Параметрам по блокам»; при выборе значения подтягивается коэффициент Kпараметра):
— Пилот: Первичный→1.1; Повторный→0.75; Не требуется→ работы пилота исключаются
— NDA: Стандартное→0.75; Нестандартное→1.25; Не требуется→0 (работы NDA исключаются); Неизвестно→1
— Наличие конфиденциальных данных: Да→1.25; Нет→0; Неизвестно→1
— Режим обмена данными: Односторонний→0.9; Двусторонний→1.25; Неизвестно→1
5) Результат по этапу: ЧД(этап) = Σ ЧД всех включённых работ этапа.";;;;
ИД. Внешний;Арх. Компонент. Система-источник;Согласование пилота / разовой загрузки с ИБ и ЮБ;Этап 215. Согласование пилота / разовой загрузки с ИБ и ЮБ;Этап 215;Опциональная;0,7;Тип системы-источника (внешний), Пилот (первичный, повторный);"1. Пилот
2. Наличие конфиденциальных данных
3. Режим обмена данными";"ЧД(работы) = ОКРУГЛ.ВВЕРХ(Норматив × [Пилот] × [Наличие конфиденциальных данных] × [Режим обмена данными]; 0,1)
  где Норматив — базовая оценка из столбца «Наличие норматива» (при всех Ki = 1 → ЧД = Норматив);
      ∏Ki — произведение коэффициентов выбранных параметров трудоёмкости.

• Округление: ОКРУГЛ.ВВЕРХ(…; 0,1) — вверх до 0,1 чд
• Итог этапа: ЧД(этап) = Σ ЧД включённых работ этапа

Переменные — параметры трудоёмкости (Ki, по умолчанию = 1):
  — Пилот: Первичный→1.1; Повторный→0.75; Не требуется→ работы пилота исключаются
  — Наличие конфиденциальных данных: Да→1.25; Нет→0; Неизвестно→1
  — Режим обмена данными: Односторонний→0.9; Двусторонний→1.25; Неизвестно→1

Операнды: «×» — умножение норматива на коэффициенты Ki; при всех Ki = 1 → ЧД = Норматив.";"1) Триггер (когда работа включается): Тип системы-источника (внешний), Пилот (первичный, повторный).
2) Норматив: 0,7 чд — базовый ЧД при значениях параметров по умолчанию (все K=1).
3) Формула ЧД: ЧД(работы) = ОКРУГЛ.ВВЕРХ(Норматив × [Пилот] × [Наличие конфиденциальных данных] × [Режим обмена данными]; 0,1) — норматив участвует множителем; подробно см. столбец «Формула».

4) Параметры трудоёмкости (переименованы по «Параметрам по блокам»; при выборе значения подтягивается коэффициент Kпараметра):
— Пилот: Первичный→1.1; Повторный→0.75; Не требуется→ работы пилота исключаются
— Наличие конфиденциальных данных: Да→1.25; Нет→0; Неизвестно→1
— Режим обмена данными: Односторонний→0.9; Двусторонний→1.25; Неизвестно→1
5) Результат по этапу: ЧД(этап) = Σ ЧД всех включённых работ этапа.";;;;
ИД. Внешний;Арх. Компонент. Система-источник;Оперативное обеспечение юридического основания или инициация этапа;Этап 215. Оперативное обеспечение юридического основания или инициация этапа;Этап 215;Опциональная;0,7;Тип системы-источника (внешний), Пилот (первичный, повторный);"1. Пилот
2. Наличие юридического основания для пилота
3. Наличие конфиденциальных данных
4. Требуется хэширование/ шифрование
5. Режим обмена данными";"ЧД(работы) = ОКРУГЛ.ВВЕРХ(Норматив × [Пилот] × [Наличие юридического основания для пилота] × [Наличие конфиденциальных данных] × [Требуется хэширование/ шифрование] × [Режим обмена данными]; 0,1)
  где Норматив — базовая оценка из столбца «Наличие норматива» (при всех Ki = 1 → ЧД = Норматив);
      ∏Ki — произведение коэффициентов выбранных параметров трудоёмкости.

• Округление: ОКРУГЛ.ВВЕРХ(…; 0,1) — вверх до 0,1 чд
• Итог этапа: ЧД(этап) = Σ ЧД включённых работ этапа

Переменные — параметры трудоёмкости (Ki, по умолчанию = 1):
  — Пилот: Первичный→1.1; Повторный→0.75; Не требуется→ работы пилота исключаются
  — Наличие юридического основания для пилота: Да→0; Нет→1.25; Неизвестно→1
  — Наличие конфиденциальных данных: Да→1.25; Нет→0; Неизвестно→1
  — Требуется хэширование/ шифрование: Да→1.25; Нет→0.75; Неизвестно→1 (на «Система-источник» Нет→0.9)
  — Режим обмена данными: Односторонний→0.9; Двусторонний→1.25; Неизвестно→1

Операнды: «×» — умножение норматива на коэффициенты Ki; при всех Ki = 1 → ЧД = Норматив.";"1) Триггер (когда работа включается): Тип системы-источника (внешний), Пилот (первичный, повторный).
2) Норматив: 0,7 чд — базовый ЧД при значениях параметров по умолчанию (все K=1).
3) Формула ЧД: ЧД(работы) = ОКРУГЛ.ВВЕРХ(Норматив × [Пилот] × [Наличие юридического основания для пилота] × [Наличие конфиденциальных данных] × [Требуется хэширование/ шифрование] × [Режим обмена данными]; 0,1) — норматив участвует множителем; подробно см. столбец «Формула».

4) Параметры трудоёмкости (переименованы по «Параметрам по блокам»; при выборе значения подтягивается коэффициент Kпараметра):
— Пилот: Первичный→1.1; Повторный→0.75; Не требуется→ работы пилота исключаются
— Наличие юридического основания для пилота: Да→0; Нет→1.25; Неизвестно→1
— Наличие конфиденциальных данных: Да→1.25; Нет→0; Неизвестно→1
— Требуется хэширование/ шифрование: Да→1.25; Нет→0.75; Неизвестно→1 (на «Система-источник» Нет→0.9)
— Режим обмена данными: Односторонний→0.9; Двусторонний→1.25; Неизвестно→1
5) Результат по этапу: ЧД(этап) = Σ ЧД всех включённых работ этапа.";;;;
ИД. Внешний;Арх. Компонент. Система-источник;Организация и контроль проведения пилота / разовой загрузки;Этап 215. Организация и контроль проведения пилота / разовой загрузки;Этап 215;Опциональная;1,6;Тип системы-источника (внешний), Пилот (первичный, повторный);"1. Пилот
2. Наличие конфиденциальных данных";"ЧД(работы) = ОКРУГЛ.ВВЕРХ(Норматив × [Пилот] × [Наличие конфиденциальных данных]; 0,1)
  где Норматив — базовая оценка из столбца «Наличие норматива» (при всех Ki = 1 → ЧД = Норматив);
      ∏Ki — произведение коэффициентов выбранных параметров трудоёмкости.

• Округление: ОКРУГЛ.ВВЕРХ(…; 0,1) — вверх до 0,1 чд
• Итог этапа: ЧД(этап) = Σ ЧД включённых работ этапа

Переменные — параметры трудоёмкости (Ki, по умолчанию = 1):
  — Пилот: Первичный→1.1; Повторный→0.75; Не требуется→ работы пилота исключаются
  — Наличие конфиденциальных данных: Да→1.25; Нет→0; Неизвестно→1

Операнды: «×» — умножение норматива на коэффициенты Ki; при всех Ki = 1 → ЧД = Норматив.";"1) Триггер (когда работа включается): Тип системы-источника (внешний), Пилот (первичный, повторный).
2) Норматив: 1,6 чд — базовый ЧД при значениях параметров по умолчанию (все K=1).
3) Формула ЧД: ЧД(работы) = ОКРУГЛ.ВВЕРХ(Норматив × [Пилот] × [Наличие конфиденциальных данных]; 0,1) — норматив участвует множителем; подробно см. столбец «Формула».

4) Параметры трудоёмкости (переименованы по «Параметрам по блокам»; при выборе значения подтягивается коэффициент Kпараметра):
— Пилот: Первичный→1.1; Повторный→0.75; Не требуется→ работы пилота исключаются
— Наличие конфиденциальных данных: Да→1.25; Нет→0; Неизвестно→1
5) Результат по этапу: ЧД(этап) = Σ ЧД всех включённых работ этапа.";;;"6. Предусматривает ли пилот разовую загрузку командой Облако в ИС хранения Банка?:
  Неизвестно / Да / Нет";
ИД. Внешний;Арх. Компонент. Система-источник;Прием и анализ результатов пилота / разовой загрузки;Этап 215. Прием и анализ результатов пилота / разовой загрузки;Этап 215;Опциональная;0,7;Тип системы-источника (внешний), Пилот (первичный, повторный);"1. Пилот
2. Наличие конфиденциальных данных";"ЧД(работы) = ОКРУГЛ.ВВЕРХ(Норматив × [Пилот] × [Наличие конфиденциальных данных]; 0,1)
  где Норматив — базовая оценка из столбца «Наличие норматива» (при всех Ki = 1 → ЧД = Норматив);
      ∏Ki — произведение коэффициентов выбранных параметров трудоёмкости.

• Округление: ОКРУГЛ.ВВЕРХ(…; 0,1) — вверх до 0,1 чд
• Итог этапа: ЧД(этап) = Σ ЧД включённых работ этапа

Переменные — параметры трудоёмкости (Ki, по умолчанию = 1):
  — Пилот: Первичный→1.1; Повторный→0.75; Не требуется→ работы пилота исключаются
  — Наличие конфиденциальных данных: Да→1.25; Нет→0; Неизвестно→1

Операнды: «×» — умножение норматива на коэффициенты Ki; при всех Ki = 1 → ЧД = Норматив.";"1) Триггер (когда работа включается): Тип системы-источника (внешний), Пилот (первичный, повторный).
2) Норматив: 0,7 чд — базовый ЧД при значениях параметров по умолчанию (все K=1).
3) Формула ЧД: ЧД(работы) = ОКРУГЛ.ВВЕРХ(Норматив × [Пилот] × [Наличие конфиденциальных данных]; 0,1) — норматив участвует множителем; подробно см. столбец «Формула».

4) Параметры трудоёмкости (переименованы по «Параметрам по блокам»; при выборе значения подтягивается коэффициент Kпараметра):
— Пилот: Первичный→1.1; Повторный→0.75; Не требуется→ работы пилота исключаются
— Наличие конфиденциальных данных: Да→1.25; Нет→0; Неизвестно→1
5) Результат по этапу: ЧД(этап) = Σ ЧД всех включённых работ этапа.";;;;
ИД. Внешний;Арх. Компонент. Система-источник;Подготовка Отчета о проведении пилота / разовой загрузки и согласование результата;Этап 215. Подготовка Отчета о проведении пилота / разовой загрузки и согласование результата;Этап 215;Опциональная;0,7;Тип системы-источника (внешний), Пилот (первичный, повторный);"1. Пилот
2. Наличие конфиденциальных данных";"ЧД(работы) = ОКРУГЛ.ВВЕРХ(Норматив × [Пилот] × [Наличие конфиденциальных данных]; 0,1)
  где Норматив — базовая оценка из столбца «Наличие норматива» (при всех Ki = 1 → ЧД = Норматив);
      ∏Ki — произведение коэффициентов выбранных параметров трудоёмкости.

• Округление: ОКРУГЛ.ВВЕРХ(…; 0,1) — вверх до 0,1 чд
• Итог этапа: ЧД(этап) = Σ ЧД включённых работ этапа

Переменные — параметры трудоёмкости (Ki, по умолчанию = 1):
  — Пилот: Первичный→1.1; Повторный→0.75; Не требуется→ работы пилота исключаются
  — Наличие конфиденциальных данных: Да→1.25; Нет→0; Неизвестно→1

Операнды: «×» — умножение норматива на коэффициенты Ki; при всех Ki = 1 → ЧД = Норматив.";"1) Триггер (когда работа включается): Тип системы-источника (внешний), Пилот (первичный, повторный).
2) Норматив: 0,7 чд — базовый ЧД при значениях параметров по умолчанию (все K=1).
3) Формула ЧД: ЧД(работы) = ОКРУГЛ.ВВЕРХ(Норматив × [Пилот] × [Наличие конфиденциальных данных]; 0,1) — норматив участвует множителем; подробно см. столбец «Формула».

4) Параметры трудоёмкости (переименованы по «Параметрам по блокам»; при выборе значения подтягивается коэффициент Kпараметра):
— Пилот: Первичный→1.1; Повторный→0.75; Не требуется→ работы пилота исключаются
— Наличие конфиденциальных данных: Да→1.25; Нет→0; Неизвестно→1
5) Результат по этапу: ЧД(этап) = Σ ЧД всех включённых работ этапа.";;;;
ИД. Внешний;Арх. Компонент. Система-источник;Доработка внутренней документации и инфрмационных ресурсов группы;Этап 215. Доработка внутренней документации и инфрмационных ресурсов группы;Этап 215;Опциональная;0,8;Тип системы-источника (внешний), Пилот (первичный, повторный);"1. Пилот
2. Наличие конфиденциальных данных";"ЧД(работы) = ОКРУГЛ.ВВЕРХ(Норматив × [Пилот] × [Наличие конфиденциальных данных]; 0,1)
  где Норматив — базовая оценка из столбца «Наличие норматива» (при всех Ki = 1 → ЧД = Норматив);
      ∏Ki — произведение коэффициентов выбранных параметров трудоёмкости.

• Округление: ОКРУГЛ.ВВЕРХ(…; 0,1) — вверх до 0,1 чд
• Итог этапа: ЧД(этап) = Σ ЧД включённых работ этапа

Переменные — параметры трудоёмкости (Ki, по умолчанию = 1):
  — Пилот: Первичный→1.1; Повторный→0.75; Не требуется→ работы пилота исключаются
  — Наличие конфиденциальных данных: Да→1.25; Нет→0; Неизвестно→1

Операнды: «×» — умножение норматива на коэффициенты Ki; при всех Ki = 1 → ЧД = Норматив.";"1) Триггер (когда работа включается): Тип системы-источника (внешний), Пилот (первичный, повторный).
2) Норматив: 0,8 чд — базовый ЧД при значениях параметров по умолчанию (все K=1).
3) Формула ЧД: ЧД(работы) = ОКРУГЛ.ВВЕРХ(Норматив × [Пилот] × [Наличие конфиденциальных данных]; 0,1) — норматив участвует множителем; подробно см. столбец «Формула».

4) Параметры трудоёмкости (переименованы по «Параметрам по блокам»; при выборе значения подтягивается коэффициент Kпараметра):
— Пилот: Первичный→1.1; Повторный→0.75; Не требуется→ работы пилота исключаются
— Наличие конфиденциальных данных: Да→1.25; Нет→0; Неизвестно→1
5) Результат по этапу: ЧД(этап) = Σ ЧД всех включённых работ этапа.";;;;
ИД. Внешний;Арх. Компонент. Система-источник;Интервьюирование заказчика, подтверждение финансирования и обработка RDS;Этап 216. Интервьюирование заказчика, подтверждение финансирования и обработка RDS;Этап 216;Опциональная;0,7;Тип системы-источника (внешний);1. Предусмотрено проведение конкурса;"ЧД(работы) = ОКРУГЛ.ВВЕРХ(Норматив × [Предусмотрено проведение конкурса]; 0,1)
  где Норматив — базовая оценка из столбца «Наличие норматива» (при всех Ki = 1 → ЧД = Норматив);
      ∏Ki — произведение коэффициентов выбранных параметров трудоёмкости.

• Округление: ОКРУГЛ.ВВЕРХ(…; 0,1) — вверх до 0,1 чд
• Итог этапа: ЧД(этап) = Σ ЧД включённых работ этапа

Переменные — параметры трудоёмкости (Ki, по умолчанию = 1):
  — Предусмотрено проведение конкурса: Да→1.25; Нет→0; Неизвестно→1

Операнды: «×» — умножение норматива на коэффициенты Ki; при всех Ki = 1 → ЧД = Норматив.";"1) Триггер (когда работа включается): Тип системы-источника (внешний).
2) Норматив: 0,7 чд — базовый ЧД при значениях параметров по умолчанию (все K=1).
3) Формула ЧД: ЧД(работы) = ОКРУГЛ.ВВЕРХ(Норматив × [Предусмотрено проведение конкурса]; 0,1) — норматив участвует множителем; подробно см. столбец «Формула».

4) Параметры трудоёмкости (переименованы по «Параметрам по блокам»; при выборе значения подтягивается коэффициент Kпараметра):
— Предусмотрено проведение конкурса: Да→1.25; Нет→0; Неизвестно→1
5) Результат по этапу: ЧД(этап) = Σ ЧД всех включённых работ этапа.";;"Указывать ли конкурс в параметрах трудоемкости?

Ранее обсуждали, что работы этапа актуальны только для источников, с которыми будет интеграция. В какой момент становится известно, будет интеграция  или нет. Кто владеет этой информацией?
Вариант решения: по наличию ребра в сторону Объекта данных";;Решение: оставить состав работ. Конкурс — отдельный параметр, не в параметрах трудоёмкости. Уточнить, актуальны ли работы этапа 216 только для источников с интеграцией.
ИД. Внешний;Арх. Компонент. Система-источник;Планирование и работа с бэклогом;Этап 216. Планирование и работа с бэклогом;Этап 216;Опциональная;0,6;Тип системы-источника (внешний);"1. NDA
2. Тип загрузки данных
3. Предусмотрено проведение конкурса
4. Форма договора";"ЧД(работы) = ОКРУГЛ.ВВЕРХ(Норматив × [NDA] × [Тип загрузки данных] × [Предусмотрено проведение конкурса] × [Форма договора]; 0,1)
  где Норматив — базовая оценка из столбца «Наличие норматива» (при всех Ki = 1 → ЧД = Норматив);
      ∏Ki — произведение коэффициентов выбранных параметров трудоёмкости.

• Округление: ОКРУГЛ.ВВЕРХ(…; 0,1) — вверх до 0,1 чд
• Итог этапа: ЧД(этап) = Σ ЧД включённых работ этапа

Переменные — параметры трудоёмкости (Ki, по умолчанию = 1):
  — NDA: Стандартное→0.75; Нестандартное→1.25; Не требуется→0; Неизвестно→1
  — Тип загрузки данных: Однократный→0.75; Регламентный→1.25
  — Предусмотрено проведение конкурса: Да→1.25; Нет→0; Неизвестно→1
  — Форма договора: Стандартная→0.75; Нестандартная→1.25; Неизвестно→1

Операнды: «×» — умножение норматива на коэффициенты Ki; при всех Ki = 1 → ЧД = Норматив.";"1) Триггер (когда работа включается): Тип системы-источника (внешний).
2) Норматив: 0,6 чд — базовый ЧД при значениях параметров по умолчанию (все K=1).
3) Формула ЧД: ЧД(работы) = ОКРУГЛ.ВВЕРХ(Норматив × [NDA] × [Тип загрузки данных] × [Предусмотрено проведение конкурса] × [Форма договора]; 0,1) — норматив участвует множителем; подробно см. столбец «Формула».

4) Параметры трудоёмкости (переименованы по «Параметрам по блокам»; при выборе значения подтягивается коэффициент Kпараметра):
— NDA: Стандартное→0.75; Нестандартное→1.25; Не требуется→0 (работы NDA исключаются); Неизвестно→1
— Тип загрузки данных: Однократный→0.75; Регламентный→1.25
— Предусмотрено проведение конкурса: Да→1.25; Нет→0; Неизвестно→1
— Форма договора: Стандартная→0.75; Нестандартная→1.25; Неизвестно→1
5) Результат по этапу: ЧД(этап) = Σ ЧД всех включённых работ этапа.";;;;
ИД. Внешний;Арх. Компонент. Система-источник;Сбор и анализ требований;Этап 216. Сбор и анализ требований;Этап 216;Опциональная;1;Тип системы-источника (внешний);"1. Тип загрузки данных
2. Предусмотрено проведение конкурса";"ЧД(работы) = ОКРУГЛ.ВВЕРХ(Норматив × [Тип загрузки данных] × [Предусмотрено проведение конкурса]; 0,1)
  где Норматив — базовая оценка из столбца «Наличие норматива» (при всех Ki = 1 → ЧД = Норматив);
      ∏Ki — произведение коэффициентов выбранных параметров трудоёмкости.

• Округление: ОКРУГЛ.ВВЕРХ(…; 0,1) — вверх до 0,1 чд
• Итог этапа: ЧД(этап) = Σ ЧД включённых работ этапа

Переменные — параметры трудоёмкости (Ki, по умолчанию = 1):
  — Тип загрузки данных: Однократный→0.75; Регламентный→1.25
  — Предусмотрено проведение конкурса: Да→1.25; Нет→0; Неизвестно→1

Операнды: «×» — умножение норматива на коэффициенты Ki; при всех Ki = 1 → ЧД = Норматив.";"1) Триггер (когда работа включается): Тип системы-источника (внешний).
2) Норматив: 1 чд — базовый ЧД при значениях параметров по умолчанию (все K=1).
3) Формула ЧД: ЧД(работы) = ОКРУГЛ.ВВЕРХ(Норматив × [Тип загрузки данных] × [Предусмотрено проведение конкурса]; 0,1) — норматив участвует множителем; подробно см. столбец «Формула».

4) Параметры трудоёмкости (переименованы по «Параметрам по блокам»; при выборе значения подтягивается коэффициент Kпараметра):
— Тип загрузки данных: Однократный→0.75; Регламентный→1.25
— Предусмотрено проведение конкурса: Да→1.25; Нет→0; Неизвестно→1
5) Результат по этапу: ЧД(этап) = Σ ЧД всех включённых работ этапа.";;;;
ИД. Внешний;Арх. Компонент. Система-источник;Подготовка АЗ для заключения NDA, согласование содержания NDA;Этап 216. Подготовка АЗ для заключения NDA, согласование содержания NDA;Этап 216;Опциональная;0,6;Тип системы-источника (внешний);"1. NDA
2. Тип загрузки данных";"ЧД(работы) = ОКРУГЛ.ВВЕРХ(Норматив × [NDA] × [Тип загрузки данных]; 0,1)
  где Норматив — базовая оценка из столбца «Наличие норматива» (при всех Ki = 1 → ЧД = Норматив);
      ∏Ki — произведение коэффициентов выбранных параметров трудоёмкости.

• Округление: ОКРУГЛ.ВВЕРХ(…; 0,1) — вверх до 0,1 чд
• Итог этапа: ЧД(этап) = Σ ЧД включённых работ этапа

Переменные — параметры трудоёмкости (Ki, по умолчанию = 1):
  — NDA: Стандартное→0.75; Нестандартное→1.25; Не требуется→0; Неизвестно→1
  — Тип загрузки данных: Однократный→0.75; Регламентный→1.25

Операнды: «×» — умножение норматива на коэффициенты Ki; при всех Ki = 1 → ЧД = Норматив.";"1) Триггер (когда работа включается): Тип системы-источника (внешний).
2) Норматив: 0,6 чд — базовый ЧД при значениях параметров по умолчанию (все K=1).
3) Формула ЧД: ЧД(работы) = ОКРУГЛ.ВВЕРХ(Норматив × [NDA] × [Тип загрузки данных]; 0,1) — норматив участвует множителем; подробно см. столбец «Формула».

4) Параметры трудоёмкости (переименованы по «Параметрам по блокам»; при выборе значения подтягивается коэффициент Kпараметра):
— NDA: Стандартное→0.75; Нестандартное→1.25; Не требуется→0 (работы NDA исключаются); Неизвестно→1
— Тип загрузки данных: Однократный→0.75; Регламентный→1.25
5) Результат по этапу: ЧД(этап) = Σ ЧД всех включённых работ этапа.";;;;
ИД. Внешний;Арх. Компонент. Система-источник;Согласование интеграции с ИБ и ЮБ;Этап 216. Согласование интеграции с ИБ и ЮБ;Этап 216;Опциональная;0,6;Тип системы-источника (внешний);1. Тип загрузки данных;"ЧД(работы) = ОКРУГЛ.ВВЕРХ(Норматив × [Тип загрузки данных]; 0,1)
  где Норматив — базовая оценка из столбца «Наличие норматива» (при всех Ki = 1 → ЧД = Норматив);
      ∏Ki — произведение коэффициентов выбранных параметров трудоёмкости.

• Округление: ОКРУГЛ.ВВЕРХ(…; 0,1) — вверх до 0,1 чд
• Итог этапа: ЧД(этап) = Σ ЧД включённых работ этапа

Переменные — параметры трудоёмкости (Ki, по умолчанию = 1):
  — Тип загрузки данных: Однократный→0.75; Регламентный→1.25

Операнды: «×» — умножение норматива на коэффициенты Ki; при всех Ki = 1 → ЧД = Норматив.";"1) Триггер (когда работа включается): Тип системы-источника (внешний).
2) Норматив: 0,6 чд — базовый ЧД при значениях параметров по умолчанию (все K=1).
3) Формула ЧД: ЧД(работы) = ОКРУГЛ.ВВЕРХ(Норматив × [Тип загрузки данных]; 0,1) — норматив участвует множителем; подробно см. столбец «Формула».

4) Параметры трудоёмкости (переименованы по «Параметрам по блокам»; при выборе значения подтягивается коэффициент Kпараметра):
— Тип загрузки данных: Однократный→0.75; Регламентный→1.25
5) Результат по этапу: ЧД(этап) = Σ ЧД всех включённых работ этапа.";;;;
ИД. Внешний;Арх. Компонент. Система-источник;Подготовка ТЗ для проведения соревновательной процедуры;Этап 216. Подготовка ТЗ для проведения соревновательной процедуры;Этап 216;Опциональная;0,9;Тип системы-источника (внешний);"1. Тип загрузки данных
2. Предусмотрено проведение конкурса";"ЧД(работы) = ОКРУГЛ.ВВЕРХ(Норматив × [Тип загрузки данных] × [Предусмотрено проведение конкурса]; 0,1)
  где Норматив — базовая оценка из столбца «Наличие норматива» (при всех Ki = 1 → ЧД = Норматив);
      ∏Ki — произведение коэффициентов выбранных параметров трудоёмкости.

• Округление: ОКРУГЛ.ВВЕРХ(…; 0,1) — вверх до 0,1 чд
• Итог этапа: ЧД(этап) = Σ ЧД включённых работ этапа

Переменные — параметры трудоёмкости (Ki, по умолчанию = 1):
  — Тип загрузки данных: Однократный→0.75; Регламентный→1.25
  — Предусмотрено проведение конкурса: Да→1.25; Нет→0; Неизвестно→1

Операнды: «×» — умножение норматива на коэффициенты Ki; при всех Ki = 1 → ЧД = Норматив.";"1) Триггер (когда работа включается): Тип системы-источника (внешний).
2) Норматив: 0,9 чд — базовый ЧД при значениях параметров по умолчанию (все K=1).
3) Формула ЧД: ЧД(работы) = ОКРУГЛ.ВВЕРХ(Норматив × [Тип загрузки данных] × [Предусмотрено проведение конкурса]; 0,1) — норматив участвует множителем; подробно см. столбец «Формула».

4) Параметры трудоёмкости (переименованы по «Параметрам по блокам»; при выборе значения подтягивается коэффициент Kпараметра):
— Тип загрузки данных: Однократный→0.75; Регламентный→1.25
— Предусмотрено проведение конкурса: Да→1.25; Нет→0; Неизвестно→1
5) Результат по этапу: ЧД(этап) = Σ ЧД всех включённых работ этапа.";;;;
ИД. Внешний;Арх. Компонент. Система-источник;Анализ ТЗ по результатам отборочной процедуры;Этап 216. Анализ ТЗ по результатам отборочной процедуры;Этап 216;Опциональная;0,9;Тип системы-источника (внешний);"1. Тип загрузки данных
2. Предусмотрено проведение конкурса";"ЧД(работы) = ОКРУГЛ.ВВЕРХ(Норматив × [Тип загрузки данных] × [Предусмотрено проведение конкурса]; 0,1)
  где Норматив — базовая оценка из столбца «Наличие норматива» (при всех Ki = 1 → ЧД = Норматив);
      ∏Ki — произведение коэффициентов выбранных параметров трудоёмкости.

• Округление: ОКРУГЛ.ВВЕРХ(…; 0,1) — вверх до 0,1 чд
• Итог этапа: ЧД(этап) = Σ ЧД включённых работ этапа

Переменные — параметры трудоёмкости (Ki, по умолчанию = 1):
  — Тип загрузки данных: Однократный→0.75; Регламентный→1.25
  — Предусмотрено проведение конкурса: Да→1.25; Нет→0; Неизвестно→1

Операнды: «×» — умножение норматива на коэффициенты Ki; при всех Ki = 1 → ЧД = Норматив.";"1) Триггер (когда работа включается): Тип системы-источника (внешний).
2) Норматив: 0,9 чд — базовый ЧД при значениях параметров по умолчанию (все K=1).
3) Формула ЧД: ЧД(работы) = ОКРУГЛ.ВВЕРХ(Норматив × [Тип загрузки данных] × [Предусмотрено проведение конкурса]; 0,1) — норматив участвует множителем; подробно см. столбец «Формула».

4) Параметры трудоёмкости (переименованы по «Параметрам по блокам»; при выборе значения подтягивается коэффициент Kпараметра):
— Тип загрузки данных: Однократный→0.75; Регламентный→1.25
— Предусмотрено проведение конкурса: Да→1.25; Нет→0; Неизвестно→1
5) Результат по этапу: ЧД(этап) = Σ ЧД всех включённых работ этапа.";;;;
ИД. Внешний;Арх. Компонент. Система-источник;Подготовка АЗ для договора, согласование содержания договора;Этап 216. Подготовка АЗ для договора, согласование содержания договора;Этап 216;Опциональная;0,7;Тип системы-источника (внешний);1. Тип загрузки данных;"ЧД(работы) = ОКРУГЛ.ВВЕРХ(Норматив × [Тип загрузки данных]; 0,1)
  где Норматив — базовая оценка из столбца «Наличие норматива» (при всех Ki = 1 → ЧД = Норматив);
      ∏Ki — произведение коэффициентов выбранных параметров трудоёмкости.

• Округление: ОКРУГЛ.ВВЕРХ(…; 0,1) — вверх до 0,1 чд
• Итог этапа: ЧД(этап) = Σ ЧД включённых работ этапа

Переменные — параметры трудоёмкости (Ki, по умолчанию = 1):
  — Тип загрузки данных: Однократный→0.75; Регламентный→1.25

Операнды: «×» — умножение норматива на коэффициенты Ki; при всех Ki = 1 → ЧД = Норматив.";"1) Триггер (когда работа включается): Тип системы-источника (внешний).
2) Норматив: 0,7 чд — базовый ЧД при значениях параметров по умолчанию (все K=1).
3) Формула ЧД: ЧД(работы) = ОКРУГЛ.ВВЕРХ(Норматив × [Тип загрузки данных]; 0,1) — норматив участвует множителем; подробно см. столбец «Формула».

4) Параметры трудоёмкости (переименованы по «Параметрам по блокам»; при выборе значения подтягивается коэффициент Kпараметра):
— Тип загрузки данных: Однократный→0.75; Регламентный→1.25
5) Результат по этапу: ЧД(этап) = Σ ЧД всех включённых работ этапа.";;;;
ИД. Внешний;Арх. Компонент. Система-источник;Подготовка приложения к договору;Этап 216. Подготовка приложения к договору;Этап 216;Опциональная;0,7;Тип системы-источника (внешний);1. Форма договора;"ЧД(работы) = ОКРУГЛ.ВВЕРХ(Норматив × [Форма договора]; 0,1)
  где Норматив — базовая оценка из столбца «Наличие норматива» (при всех Ki = 1 → ЧД = Норматив);
      ∏Ki — произведение коэффициентов выбранных параметров трудоёмкости.

• Округление: ОКРУГЛ.ВВЕРХ(…; 0,1) — вверх до 0,1 чд
• Итог этапа: ЧД(этап) = Σ ЧД включённых работ этапа

Переменные — параметры трудоёмкости (Ki, по умолчанию = 1):
  — Форма договора: Стандартная→0.75; Нестандартная→1.25; Неизвестно→1

Операнды: «×» — умножение норматива на коэффициенты Ki; при всех Ki = 1 → ЧД = Норматив.";"1) Триггер (когда работа включается): Тип системы-источника (внешний).
2) Норматив: 0,7 чд — базовый ЧД при значениях параметров по умолчанию (все K=1).
3) Формула ЧД: ЧД(работы) = ОКРУГЛ.ВВЕРХ(Норматив × [Форма договора]; 0,1) — норматив участвует множителем; подробно см. столбец «Формула».

4) Параметры трудоёмкости (переименованы по «Параметрам по блокам»; при выборе значения подтягивается коэффициент Kпараметра):
— Форма договора: Стандартная→0.75; Нестандартная→1.25; Неизвестно→1
5) Результат по этапу: ЧД(этап) = Σ ЧД всех включённых работ этапа.";;;;
ИД. Внешний;Арх. Компонент. Система-источник;Доработка внутренней документации и инфрмационных ресурсов группы;Этап 216. Доработка внутренней документации и инфрмационных ресурсов группы;Этап 216;Опциональная;0,8;Тип системы-источника (внешний);1. Тип загрузки данных;"ЧД(работы) = ОКРУГЛ.ВВЕРХ(Норматив × [Тип загрузки данных]; 0,1)
  где Норматив — базовая оценка из столбца «Наличие норматива» (при всех Ki = 1 → ЧД = Норматив);
      ∏Ki — произведение коэффициентов выбранных параметров трудоёмкости.

• Округление: ОКРУГЛ.ВВЕРХ(…; 0,1) — вверх до 0,1 чд
• Итог этапа: ЧД(этап) = Σ ЧД включённых работ этапа

Переменные — параметры трудоёмкости (Ki, по умолчанию = 1):
  — Тип загрузки данных: Однократный→0.75; Регламентный→1.25

Операнды: «×» — умножение норматива на коэффициенты Ki; при всех Ki = 1 → ЧД = Норматив.";"1) Триггер (когда работа включается): Тип системы-источника (внешний).
2) Норматив: 0,8 чд — базовый ЧД при значениях параметров по умолчанию (все K=1).
3) Формула ЧД: ЧД(работы) = ОКРУГЛ.ВВЕРХ(Норматив × [Тип загрузки данных]; 0,1) — норматив участвует множителем; подробно см. столбец «Формула».

4) Параметры трудоёмкости (переименованы по «Параметрам по блокам»; при выборе значения подтягивается коэффициент Kпараметра):
— Тип загрузки данных: Однократный→0.75; Регламентный→1.25
5) Результат по этапу: ЧД(этап) = Σ ЧД всех включённых работ этапа.";;;;
ИД. Внешний;Арх. Компонент. Процесс обработки данных;Интервьюирование заказчика, подтверждение финансирования и обработка RDS;Этап 217. Интервьюирование заказчика, подтверждение финансирования и обработка RDS;Этап 217;Опциональная;0,9;Тип системы-источника (внешний);"1. Тип работ
2. Стейкхолдеры известны (владелец сервиса, разработчик модели / витрин, РП и тд.)?
3. Способ предоставления данных заказчику
4. Наличие конфиденциальных данных
5. Требуется хэширование/ шифрование
6. Двусторонний обмен данными";"ЧД(работы) = ОКРУГЛ.ВВЕРХ(Норматив × [Тип работ] × [Стейкхолдеры известны (владелец сервиса, разработчик модели / витрин, РП и тд.)?] × [Способ предоставления данных заказчику] × [Наличие конфиденциальных данных] × [Требуется хэширование/ шифрование] × [Двусторонний обмен данными]; 0,1)
  где Норматив — базовая оценка из столбца «Наличие норматива» (при всех Ki = 1 → ЧД = Норматив);
      ∏Ki — произведение коэффициентов выбранных параметров трудоёмкости.

• Округление: ОКРУГЛ.ВВЕРХ(…; 0,1) — вверх до 0,1 чд
• Итог этапа: ЧД(этап) = Σ ЧД включённых работ этапа

Переменные — параметры трудоёмкости (Ki, по умолчанию = 1):
  — Тип работ: Разработка→1.1; Доработка→0.75; Настройка→0.5; Неизвестно→1
  — Стейкхолдеры известны (владелец сервиса, разработчик модели / витрин, РП и тд.)?: Да→0.9; Нет→1.1; Неизвестно→1
  — Способ предоставления данных заказчику: Непосредственно→0.8; Опосредованно→1.2; Неизвестно→1
  — Наличие конфиденциальных данных: Да→1.25; Нет→0; Неизвестно→1
  — Требуется хэширование/ шифрование: Да→1.25; Нет→0.75; Неизвестно→1 (на «Система-источник» Нет→0.9)
  — Двусторонний обмен данными: Да→1.25; Нет→0.75; Неизвестно→1

Операнды: «×» — умножение норматива на коэффициенты Ki; при всех Ki = 1 → ЧД = Норматив.";"1) Триггер (когда работа включается): Тип системы-источника (внешний).
2) Норматив: 0,9 чд — базовый ЧД при значениях параметров по умолчанию (все K=1).
3) Формула ЧД: ЧД(работы) = ОКРУГЛ.ВВЕРХ(Норматив × [Тип работ] × [Стейкхолдеры известны (владелец сервиса, разработчик модели / витрин, РП и тд.)?] × [Способ предоставления данных заказчику] × [Наличие конфиденциальных данных] × [Требуется хэширование/ шифрование] × [Двусторонний обмен данными]; 0,1) — норматив участвует множителем; подробно см. столбец «Формула».

4) Параметры трудоёмкости (переименованы по «Параметрам по блокам»; при выборе значения подтягивается коэффициент Kпараметра):
— Тип работ: Разработка→1.1; Доработка→0.75; Настройка→0.5; Неизвестно→1
— Стейкхолдеры известны (владелец сервиса, разработчик модели / витрин, РП и тд.)?: Да→0.9; Нет→1.1; Неизвестно→1 (в целевой — Стрим «Источники данных» → Локальные параметры)
— Способ предоставления данных заказчику: Непосредственно→0.8; Опосредованно→1.2; Неизвестно→1
— Наличие конфиденциальных данных: Да→1.25; Нет→0; Неизвестно→1
— Требуется хэширование/ шифрование: Да→1.25; Нет→0.75; Неизвестно→1 (на «Система-источник» Нет→0.9)
— Двусторонний обмен данными: Да→1.25; Нет→0.75; Неизвестно→1
5) Результат по этапу: ЧД(этап) = Σ ЧД всех включённых работ этапа.";;"Состав работ добавляется по заполнению поля ""Источник для"" для арх.компонента процесс обработки данных";;"Решение: оставить как есть; срабатывание по полю ""Источник для"" арх. компонента ""Процесс обработки данных""."
ИД. Внешний;Арх. Компонент. Процесс обработки данных;Планирование и работа с бэклогом;Этап 217. Планирование и работа с бэклогом;Этап 217;Опциональная;1,1;Тип системы-источника (внешний);"1. Тип работ
2. Стейкхолдеры известны (владелец сервиса, разработчик модели / витрин, РП и тд.)?
3. Способ предоставления данных заказчику
4. NDA
5. Наличие конфиденциальных данных
6. Требуется хэширование/ шифрование
7. Двусторонний обмен данными";"ЧД(работы) = ОКРУГЛ.ВВЕРХ(Норматив × [Тип работ] × [Стейкхолдеры известны (владелец сервиса, разработчик модели / витрин, РП и тд.)?] × [Способ предоставления данных заказчику] × [NDA] × [Наличие конфиденциальных данных] × [Требуется хэширование/ шифрование] × [Двусторонний обмен данными]; 0,1)
  где Норматив — базовая оценка из столбца «Наличие норматива» (при всех Ki = 1 → ЧД = Норматив);
      ∏Ki — произведение коэффициентов выбранных параметров трудоёмкости.

• Округление: ОКРУГЛ.ВВЕРХ(…; 0,1) — вверх до 0,1 чд
• Итог этапа: ЧД(этап) = Σ ЧД включённых работ этапа

Переменные — параметры трудоёмкости (Ki, по умолчанию = 1):
  — Тип работ: Разработка→1.1; Доработка→0.75; Настройка→0.5; Неизвестно→1
  — Стейкхолдеры известны (владелец сервиса, разработчик модели / витрин, РП и тд.)?: Да→0.9; Нет→1.1; Неизвестно→1
  — Способ предоставления данных заказчику: Непосредственно→0.8; Опосредованно→1.2; Неизвестно→1
  — NDA: Стандартное→0.75; Нестандартное→1.25; Не требуется→0; Неизвестно→1
  — Наличие конфиденциальных данных: Да→1.25; Нет→0; Неизвестно→1
  — Требуется хэширование/ шифрование: Да→1.25; Нет→0.75; Неизвестно→1 (на «Система-источник» Нет→0.9)
  — Двусторонний обмен данными: Да→1.25; Нет→0.75; Неизвестно→1

Операнды: «×» — умножение норматива на коэффициенты Ki; при всех Ki = 1 → ЧД = Норматив.";"1) Триггер (когда работа включается): Тип системы-источника (внешний).
2) Норматив: 1,1 чд — базовый ЧД при значениях параметров по умолчанию (все K=1).
3) Формула ЧД: ЧД(работы) = ОКРУГЛ.ВВЕРХ(Норматив × [Тип работ] × [Стейкхолдеры известны (владелец сервиса, разработчик модели / витрин, РП и тд.)?] × [Способ предоставления данных заказчику] × [NDA] × [Наличие конфиденциальных данных] × [Требуется хэширование/ шифрование] × [Двусторонний обмен данными]; 0,1) — норматив участвует множителем; подробно см. столбец «Формула».

4) Параметры трудоёмкости (переименованы по «Параметрам по блокам»; при выборе значения подтягивается коэффициент Kпараметра):
— Тип работ: Разработка→1.1; Доработка→0.75; Настройка→0.5; Неизвестно→1
— Стейкхолдеры известны (владелец сервиса, разработчик модели / витрин, РП и тд.)?: Да→0.9; Нет→1.1; Неизвестно→1 (в целевой — Стрим «Источники данных» → Локальные параметры)
— Способ предоставления данных заказчику: Непосредственно→0.8; Опосредованно→1.2; Неизвестно→1
— NDA: Стандартное→0.75; Нестандартное→1.25; Не требуется→0 (работы NDA исключаются); Неизвестно→1
— Наличие конфиденциальных данных: Да→1.25; Нет→0; Неизвестно→1
— Требуется хэширование/ шифрование: Да→1.25; Нет→0.75; Неизвестно→1 (на «Система-источник» Нет→0.9)
— Двусторонний обмен данными: Да→1.25; Нет→0.75; Неизвестно→1
5) Результат по этапу: ЧД(этап) = Σ ЧД всех включённых работ этапа.";;;;
ИД. Внешний;Арх. Компонент. Процесс обработки данных;Сбор и анализ требований;Этап 217. Сбор и анализ требований;Этап 217;Опциональная;1,2;Тип системы-источника (внешний);"1. Тип работ
2. Стейкхолдеры известны (владелец сервиса, разработчик модели / витрин, РП и тд.)?
3. Способ предоставления данных заказчику
4. Наличие конфиденциальных данных
5. Требуется хэширование/ шифрование
6. Двусторонний обмен данными";"ЧД(работы) = ОКРУГЛ.ВВЕРХ(Норматив × [Тип работ] × [Стейкхолдеры известны (владелец сервиса, разработчик модели / витрин, РП и тд.)?] × [Способ предоставления данных заказчику] × [Наличие конфиденциальных данных] × [Требуется хэширование/ шифрование] × [Двусторонний обмен данными]; 0,1)
  где Норматив — базовая оценка из столбца «Наличие норматива» (при всех Ki = 1 → ЧД = Норматив);
      ∏Ki — произведение коэффициентов выбранных параметров трудоёмкости.

• Округление: ОКРУГЛ.ВВЕРХ(…; 0,1) — вверх до 0,1 чд
• Итог этапа: ЧД(этап) = Σ ЧД включённых работ этапа

Переменные — параметры трудоёмкости (Ki, по умолчанию = 1):
  — Тип работ: Разработка→1.1; Доработка→0.75; Настройка→0.5; Неизвестно→1
  — Стейкхолдеры известны (владелец сервиса, разработчик модели / витрин, РП и тд.)?: Да→0.9; Нет→1.1; Неизвестно→1
  — Способ предоставления данных заказчику: Непосредственно→0.8; Опосредованно→1.2; Неизвестно→1
  — Наличие конфиденциальных данных: Да→1.25; Нет→0; Неизвестно→1
  — Требуется хэширование/ шифрование: Да→1.25; Нет→0.75; Неизвестно→1 (на «Система-источник» Нет→0.9)
  — Двусторонний обмен данными: Да→1.25; Нет→0.75; Неизвестно→1

Операнды: «×» — умножение норматива на коэффициенты Ki; при всех Ki = 1 → ЧД = Норматив.";"1) Триггер (когда работа включается): Тип системы-источника (внешний).
2) Норматив: 1,2 чд — базовый ЧД при значениях параметров по умолчанию (все K=1).
3) Формула ЧД: ЧД(работы) = ОКРУГЛ.ВВЕРХ(Норматив × [Тип работ] × [Стейкхолдеры известны (владелец сервиса, разработчик модели / витрин, РП и тд.)?] × [Способ предоставления данных заказчику] × [Наличие конфиденциальных данных] × [Требуется хэширование/ шифрование] × [Двусторонний обмен данными]; 0,1) — норматив участвует множителем; подробно см. столбец «Формула».

4) Параметры трудоёмкости (переименованы по «Параметрам по блокам»; при выборе значения подтягивается коэффициент Kпараметра):
— Тип работ: Разработка→1.1; Доработка→0.75; Настройка→0.5; Неизвестно→1
— Стейкхолдеры известны (владелец сервиса, разработчик модели / витрин, РП и тд.)?: Да→0.9; Нет→1.1; Неизвестно→1 (в целевой — Стрим «Источники данных» → Локальные параметры)
— Способ предоставления данных заказчику: Непосредственно→0.8; Опосредованно→1.2; Неизвестно→1
— Наличие конфиденциальных данных: Да→1.25; Нет→0; Неизвестно→1
— Требуется хэширование/ шифрование: Да→1.25; Нет→0.75; Неизвестно→1 (на «Система-источник» Нет→0.9)
— Двусторонний обмен данными: Да→1.25; Нет→0.75; Неизвестно→1
5) Результат по этапу: ЧД(этап) = Σ ЧД всех включённых работ этапа.";;;;
ИД. Внешний;Арх. Компонент. Процесс обработки данных;Оперативное обеспечение юридического основания или инициация этапа;Этап 217. Оперативное обеспечение юридического основания или инициация этапа;Этап 217;Опциональная;0,6;Тип системы-источника (внешний);"1. Стейкхолдеры известны (владелец сервиса, разработчик модели / витрин, РП и тд.)?
2. Способ предоставления данных заказчику
3. Наличие конфиденциальных данных
4. Требуется хэширование/ шифрование
5. Двусторонний обмен данными";"ЧД(работы) = ОКРУГЛ.ВВЕРХ(Норматив × [Стейкхолдеры известны (владелец сервиса, разработчик модели / витрин, РП и тд.)?] × [Способ предоставления данных заказчику] × [Наличие конфиденциальных данных] × [Требуется хэширование/ шифрование] × [Двусторонний обмен данными]; 0,1)
  где Норматив — базовая оценка из столбца «Наличие норматива» (при всех Ki = 1 → ЧД = Норматив);
      ∏Ki — произведение коэффициентов выбранных параметров трудоёмкости.

• Округление: ОКРУГЛ.ВВЕРХ(…; 0,1) — вверх до 0,1 чд
• Итог этапа: ЧД(этап) = Σ ЧД включённых работ этапа

Переменные — параметры трудоёмкости (Ki, по умолчанию = 1):
  — Стейкхолдеры известны (владелец сервиса, разработчик модели / витрин, РП и тд.)?: Да→0.9; Нет→1.1; Неизвестно→1
  — Способ предоставления данных заказчику: Непосредственно→0.8; Опосредованно→1.2; Неизвестно→1
  — Наличие конфиденциальных данных: Да→1.25; Нет→0; Неизвестно→1
  — Требуется хэширование/ шифрование: Да→1.25; Нет→0.75; Неизвестно→1 (на «Система-источник» Нет→0.9)
  — Двусторонний обмен данными: Да→1.25; Нет→0.75; Неизвестно→1

Операнды: «×» — умножение норматива на коэффициенты Ki; при всех Ki = 1 → ЧД = Норматив.";"1) Триггер (когда работа включается): Тип системы-источника (внешний).
2) Норматив: 0,6 чд — базовый ЧД при значениях параметров по умолчанию (все K=1).
3) Формула ЧД: ЧД(работы) = ОКРУГЛ.ВВЕРХ(Норматив × [Стейкхолдеры известны (владелец сервиса, разработчик модели / витрин, РП и тд.)?] × [Способ предоставления данных заказчику] × [Наличие конфиденциальных данных] × [Требуется хэширование/ шифрование] × [Двусторонний обмен данными]; 0,1) — норматив участвует множителем; подробно см. столбец «Формула».

4) Параметры трудоёмкости (переименованы по «Параметрам по блокам»; при выборе значения подтягивается коэффициент Kпараметра):
— Стейкхолдеры известны (владелец сервиса, разработчик модели / витрин, РП и тд.)?: Да→0.9; Нет→1.1; Неизвестно→1 (в целевой — Стрим «Источники данных» → Локальные параметры)
— Способ предоставления данных заказчику: Непосредственно→0.8; Опосредованно→1.2; Неизвестно→1
— Наличие конфиденциальных данных: Да→1.25; Нет→0; Неизвестно→1
— Требуется хэширование/ шифрование: Да→1.25; Нет→0.75; Неизвестно→1 (на «Система-источник» Нет→0.9)
— Двусторонний обмен данными: Да→1.25; Нет→0.75; Неизвестно→1
5) Результат по этапу: ЧД(этап) = Σ ЧД всех включённых работ этапа.";;;;
ИД. Внешний;Арх. Компонент. Процесс обработки данных;Составление модели данных s2t;Этап 217. Составление модели данных s2t;Этап 217;Опциональная;1,2;Тип системы-источника (внешний);"1. Тип работ
2. Двусторонний обмен данными";"ЧД(работы) = ОКРУГЛ.ВВЕРХ(Норматив × [Тип работ] × [Двусторонний обмен данными]; 0,1)
  где Норматив — базовая оценка из столбца «Наличие норматива» (при всех Ki = 1 → ЧД = Норматив);
      ∏Ki — произведение коэффициентов выбранных параметров трудоёмкости.

• Округление: ОКРУГЛ.ВВЕРХ(…; 0,1) — вверх до 0,1 чд
• Итог этапа: ЧД(этап) = Σ ЧД включённых работ этапа

Переменные — параметры трудоёмкости (Ki, по умолчанию = 1):
  — Тип работ: Разработка→1.1; Доработка→0.75; Настройка→0.5; Неизвестно→1
  — Двусторонний обмен данными: Да→1.25; Нет→0.75; Неизвестно→1

Операнды: «×» — умножение норматива на коэффициенты Ki; при всех Ki = 1 → ЧД = Норматив.";"1) Триггер (когда работа включается): Тип системы-источника (внешний).
2) Норматив: 1,2 чд — базовый ЧД при значениях параметров по умолчанию (все K=1).
3) Формула ЧД: ЧД(работы) = ОКРУГЛ.ВВЕРХ(Норматив × [Тип работ] × [Двусторонний обмен данными]; 0,1) — норматив участвует множителем; подробно см. столбец «Формула».

4) Параметры трудоёмкости (переименованы по «Параметрам по блокам»; при выборе значения подтягивается коэффициент Kпараметра):
— Тип работ: Разработка→1.1; Доработка→0.75; Настройка→0.5; Неизвестно→1
— Двусторонний обмен данными: Да→1.25; Нет→0.75; Неизвестно→1
5) Результат по этапу: ЧД(этап) = Σ ЧД всех включённых работ этапа.";;;;
ИД. Внешний;Арх. Компонент. Процесс обработки данных;Составление ТР;Этап 217. Составление ТР;Этап 217;Опциональная;1,5;Тип системы-источника (внешний);"1. Тип работ
2. Стейкхолдеры известны (владелец сервиса, разработчик модели / витрин, РП и тд.)?
3. Способ предоставления данных заказчику
4. Наличие конфиденциальных данных
5. Требуется хэширование/ шифрование
6. Двусторонний обмен данными";"ЧД(работы) = ОКРУГЛ.ВВЕРХ(Норматив × [Тип работ] × [Стейкхолдеры известны (владелец сервиса, разработчик модели / витрин, РП и тд.)?] × [Способ предоставления данных заказчику] × [Наличие конфиденциальных данных] × [Требуется хэширование/ шифрование] × [Двусторонний обмен данными]; 0,1)
  где Норматив — базовая оценка из столбца «Наличие норматива» (при всех Ki = 1 → ЧД = Норматив);
      ∏Ki — произведение коэффициентов выбранных параметров трудоёмкости.

• Округление: ОКРУГЛ.ВВЕРХ(…; 0,1) — вверх до 0,1 чд
• Итог этапа: ЧД(этап) = Σ ЧД включённых работ этапа

Переменные — параметры трудоёмкости (Ki, по умолчанию = 1):
  — Тип работ: Разработка→1.1; Доработка→0.75; Настройка→0.5; Неизвестно→1
  — Стейкхолдеры известны (владелец сервиса, разработчик модели / витрин, РП и тд.)?: Да→0.9; Нет→1.1; Неизвестно→1
  — Способ предоставления данных заказчику: Непосредственно→0.8; Опосредованно→1.2; Неизвестно→1
  — Наличие конфиденциальных данных: Да→1.25; Нет→0; Неизвестно→1
  — Требуется хэширование/ шифрование: Да→1.25; Нет→0.75; Неизвестно→1 (на «Система-источник» Нет→0.9)
  — Двусторонний обмен данными: Да→1.25; Нет→0.75; Неизвестно→1

Операнды: «×» — умножение норматива на коэффициенты Ki; при всех Ki = 1 → ЧД = Норматив.";"1) Триггер (когда работа включается): Тип системы-источника (внешний).
2) Норматив: 1,5 чд — базовый ЧД при значениях параметров по умолчанию (все K=1).
3) Формула ЧД: ЧД(работы) = ОКРУГЛ.ВВЕРХ(Норматив × [Тип работ] × [Стейкхолдеры известны (владелец сервиса, разработчик модели / витрин, РП и тд.)?] × [Способ предоставления данных заказчику] × [Наличие конфиденциальных данных] × [Требуется хэширование/ шифрование] × [Двусторонний обмен данными]; 0,1) — норматив участвует множителем; подробно см. столбец «Формула».

4) Параметры трудоёмкости (переименованы по «Параметрам по блокам»; при выборе значения подтягивается коэффициент Kпараметра):
— Тип работ: Разработка→1.1; Доработка→0.75; Настройка→0.5; Неизвестно→1
— Стейкхолдеры известны (владелец сервиса, разработчик модели / витрин, РП и тд.)?: Да→0.9; Нет→1.1; Неизвестно→1 (в целевой — Стрим «Источники данных» → Локальные параметры)
— Способ предоставления данных заказчику: Непосредственно→0.8; Опосредованно→1.2; Неизвестно→1
— Наличие конфиденциальных данных: Да→1.25; Нет→0; Неизвестно→1
— Требуется хэширование/ шифрование: Да→1.25; Нет→0.75; Неизвестно→1 (на «Система-источник» Нет→0.9)
— Двусторонний обмен данными: Да→1.25; Нет→0.75; Неизвестно→1
5) Результат по этапу: ЧД(этап) = Σ ЧД всех включённых работ этапа.";;;;
ИД. Внешний;Арх. Компонент. Процесс обработки данных;Подготовка АЗ для заключения NDA, согласование содержания NDA;Этап 217. Подготовка АЗ для заключения NDA, согласование содержания NDA;Этап 217;Опциональная;0,6;Тип системы-источника (внешний);"1. Тип работ
2. Стейкхолдеры известны (владелец сервиса, разработчик модели / витрин, РП и тд.)?
3. Способ предоставления данных заказчику
4. NDA
5. Наличие конфиденциальных данных
6. Двусторонний обмен данными";"ЧД(работы) = ОКРУГЛ.ВВЕРХ(Норматив × [Тип работ] × [Стейкхолдеры известны (владелец сервиса, разработчик модели / витрин, РП и тд.)?] × [Способ предоставления данных заказчику] × [NDA] × [Наличие конфиденциальных данных] × [Двусторонний обмен данными]; 0,1)
  где Норматив — базовая оценка из столбца «Наличие норматива» (при всех Ki = 1 → ЧД = Норматив);
      ∏Ki — произведение коэффициентов выбранных параметров трудоёмкости.

• Округление: ОКРУГЛ.ВВЕРХ(…; 0,1) — вверх до 0,1 чд
• Итог этапа: ЧД(этап) = Σ ЧД включённых работ этапа

Переменные — параметры трудоёмкости (Ki, по умолчанию = 1):
  — Тип работ: Разработка→1.1; Доработка→0.75; Настройка→0.5; Неизвестно→1
  — Стейкхолдеры известны (владелец сервиса, разработчик модели / витрин, РП и тд.)?: Да→0.9; Нет→1.1; Неизвестно→1
  — Способ предоставления данных заказчику: Непосредственно→0.8; Опосредованно→1.2; Неизвестно→1
  — NDA: Стандартное→0.75; Нестандартное→1.25; Не требуется→0; Неизвестно→1
  — Наличие конфиденциальных данных: Да→1.25; Нет→0; Неизвестно→1
  — Двусторонний обмен данными: Да→1.25; Нет→0.75; Неизвестно→1

Операнды: «×» — умножение норматива на коэффициенты Ki; при всех Ki = 1 → ЧД = Норматив.";"1) Триггер (когда работа включается): Тип системы-источника (внешний).
2) Норматив: 0,6 чд — базовый ЧД при значениях параметров по умолчанию (все K=1).
3) Формула ЧД: ЧД(работы) = ОКРУГЛ.ВВЕРХ(Норматив × [Тип работ] × [Стейкхолдеры известны (владелец сервиса, разработчик модели / витрин, РП и тд.)?] × [Способ предоставления данных заказчику] × [NDA] × [Наличие конфиденциальных данных] × [Двусторонний обмен данными]; 0,1) — норматив участвует множителем; подробно см. столбец «Формула».

4) Параметры трудоёмкости (переименованы по «Параметрам по блокам»; при выборе значения подтягивается коэффициент Kпараметра):
— Тип работ: Разработка→1.1; Доработка→0.75; Настройка→0.5; Неизвестно→1
— Стейкхолдеры известны (владелец сервиса, разработчик модели / витрин, РП и тд.)?: Да→0.9; Нет→1.1; Неизвестно→1 (в целевой — Стрим «Источники данных» → Локальные параметры)
— Способ предоставления данных заказчику: Непосредственно→0.8; Опосредованно→1.2; Неизвестно→1
— NDA: Стандартное→0.75; Нестандартное→1.25; Не требуется→0 (работы NDA исключаются); Неизвестно→1
— Наличие конфиденциальных данных: Да→1.25; Нет→0; Неизвестно→1
— Двусторонний обмен данными: Да→1.25; Нет→0.75; Неизвестно→1
5) Результат по этапу: ЧД(этап) = Σ ЧД всех включённых работ этапа.";;;;
ИД. Внешний;Арх. Компонент. Процесс обработки данных;Согласование интеграции с ИБ и ЮБ;Этап 217. Согласование интеграции с ИБ и ЮБ;Этап 217;Опциональная;0,6;Тип системы-источника (внешний);"1. Тип работ
2. Стейкхолдеры известны (владелец сервиса, разработчик модели / витрин, РП и тд.)?
3. Наличие конфиденциальных данных
4. Двусторонний обмен данными";"ЧД(работы) = ОКРУГЛ.ВВЕРХ(Норматив × [Тип работ] × [Стейкхолдеры известны (владелец сервиса, разработчик модели / витрин, РП и тд.)?] × [Наличие конфиденциальных данных] × [Двусторонний обмен данными]; 0,1)
  где Норматив — базовая оценка из столбца «Наличие норматива» (при всех Ki = 1 → ЧД = Норматив);
      ∏Ki — произведение коэффициентов выбранных параметров трудоёмкости.

• Округление: ОКРУГЛ.ВВЕРХ(…; 0,1) — вверх до 0,1 чд
• Итог этапа: ЧД(этап) = Σ ЧД включённых работ этапа

Переменные — параметры трудоёмкости (Ki, по умолчанию = 1):
  — Тип работ: Разработка→1.1; Доработка→0.75; Настройка→0.5; Неизвестно→1
  — Стейкхолдеры известны (владелец сервиса, разработчик модели / витрин, РП и тд.)?: Да→0.9; Нет→1.1; Неизвестно→1
  — Наличие конфиденциальных данных: Да→1.25; Нет→0; Неизвестно→1
  — Двусторонний обмен данными: Да→1.25; Нет→0.75; Неизвестно→1

Операнды: «×» — умножение норматива на коэффициенты Ki; при всех Ki = 1 → ЧД = Норматив.";"1) Триггер (когда работа включается): Тип системы-источника (внешний).
2) Норматив: 0,6 чд — базовый ЧД при значениях параметров по умолчанию (все K=1).
3) Формула ЧД: ЧД(работы) = ОКРУГЛ.ВВЕРХ(Норматив × [Тип работ] × [Стейкхолдеры известны (владелец сервиса, разработчик модели / витрин, РП и тд.)?] × [Наличие конфиденциальных данных] × [Двусторонний обмен данными]; 0,1) — норматив участвует множителем; подробно см. столбец «Формула».

4) Параметры трудоёмкости (переименованы по «Параметрам по блокам»; при выборе значения подтягивается коэффициент Kпараметра):
— Тип работ: Разработка→1.1; Доработка→0.75; Настройка→0.5; Неизвестно→1
— Стейкхолдеры известны (владелец сервиса, разработчик модели / витрин, РП и тд.)?: Да→0.9; Нет→1.1; Неизвестно→1 (в целевой — Стрим «Источники данных» → Локальные параметры)
— Наличие конфиденциальных данных: Да→1.25; Нет→0; Неизвестно→1
— Двусторонний обмен данными: Да→1.25; Нет→0.75; Неизвестно→1
5) Результат по этапу: ЧД(этап) = Σ ЧД всех включённых работ этапа.";;;;
ИД. Внешний;Арх. Компонент. Процесс обработки данных;Согласование АР, участие в Тестировании и ПСИ;Этап 217. Согласование АР, участие в Тестировании и ПСИ;Этап 217;Опциональная;0,9;Тип системы-источника (внешний);"1. Тип работ
2. Наличие конфиденциальных данных
3. Требуется хэширование/ шифрование
4. Двусторонний обмен данными";"ЧД(работы) = ОКРУГЛ.ВВЕРХ(Норматив × [Тип работ] × [Наличие конфиденциальных данных] × [Требуется хэширование/ шифрование] × [Двусторонний обмен данными]; 0,1)
  где Норматив — базовая оценка из столбца «Наличие норматива» (при всех Ki = 1 → ЧД = Норматив);
      ∏Ki — произведение коэффициентов выбранных параметров трудоёмкости.

• Округление: ОКРУГЛ.ВВЕРХ(…; 0,1) — вверх до 0,1 чд
• Итог этапа: ЧД(этап) = Σ ЧД включённых работ этапа

Переменные — параметры трудоёмкости (Ki, по умолчанию = 1):
  — Тип работ: Разработка→1.1; Доработка→0.75; Настройка→0.5; Неизвестно→1
  — Наличие конфиденциальных данных: Да→1.25; Нет→0; Неизвестно→1
  — Требуется хэширование/ шифрование: Да→1.25; Нет→0.75; Неизвестно→1 (на «Система-источник» Нет→0.9)
  — Двусторонний обмен данными: Да→1.25; Нет→0.75; Неизвестно→1

Операнды: «×» — умножение норматива на коэффициенты Ki; при всех Ki = 1 → ЧД = Норматив.";"1) Триггер (когда работа включается): Тип системы-источника (внешний).
2) Норматив: 0,9 чд — базовый ЧД при значениях параметров по умолчанию (все K=1).
3) Формула ЧД: ЧД(работы) = ОКРУГЛ.ВВЕРХ(Норматив × [Тип работ] × [Наличие конфиденциальных данных] × [Требуется хэширование/ шифрование] × [Двусторонний обмен данными]; 0,1) — норматив участвует множителем; подробно см. столбец «Формула».

4) Параметры трудоёмкости (переименованы по «Параметрам по блокам»; при выборе значения подтягивается коэффициент Kпараметра):
— Тип работ: Разработка→1.1; Доработка→0.75; Настройка→0.5; Неизвестно→1
— Наличие конфиденциальных данных: Да→1.25; Нет→0; Неизвестно→1
— Требуется хэширование/ шифрование: Да→1.25; Нет→0.75; Неизвестно→1 (на «Система-источник» Нет→0.9)
— Двусторонний обмен данными: Да→1.25; Нет→0.75; Неизвестно→1
5) Результат по этапу: ЧД(этап) = Σ ЧД всех включённых работ этапа.";;;;
ИД. Внешний;Арх. Компонент. Процесс обработки данных;Доработка внутренней документации и инфрмационных ресурсов группы;Этап 217. Доработка внутренней документации и инфрмационных ресурсов группы;Этап 217;Опциональная;0,9;Тип системы-источника (внешний);"1. Тип работ
2. Способ предоставления данных заказчику";"ЧД(работы) = ОКРУГЛ.ВВЕРХ(Норматив × [Тип работ] × [Способ предоставления данных заказчику]; 0,1)
  где Норматив — базовая оценка из столбца «Наличие норматива» (при всех Ki = 1 → ЧД = Норматив);
      ∏Ki — произведение коэффициентов выбранных параметров трудоёмкости.

• Округление: ОКРУГЛ.ВВЕРХ(…; 0,1) — вверх до 0,1 чд
• Итог этапа: ЧД(этап) = Σ ЧД включённых работ этапа

Переменные — параметры трудоёмкости (Ki, по умолчанию = 1):
  — Тип работ: Разработка→1.1; Доработка→0.75; Настройка→0.5; Неизвестно→1
  — Способ предоставления данных заказчику: Непосредственно→0.8; Опосредованно→1.2; Неизвестно→1

Операнды: «×» — умножение норматива на коэффициенты Ki; при всех Ki = 1 → ЧД = Норматив.";"1) Триггер (когда работа включается): Тип системы-источника (внешний).
2) Норматив: 0,9 чд — базовый ЧД при значениях параметров по умолчанию (все K=1).
3) Формула ЧД: ЧД(работы) = ОКРУГЛ.ВВЕРХ(Норматив × [Тип работ] × [Способ предоставления данных заказчику]; 0,1) — норматив участвует множителем; подробно см. столбец «Формула».

4) Параметры трудоёмкости (переименованы по «Параметрам по блокам»; при выборе значения подтягивается коэффициент Kпараметра):
— Тип работ: Разработка→1.1; Доработка→0.75; Настройка→0.5; Неизвестно→1
— Способ предоставления данных заказчику: Непосредственно→0.8; Опосредованно→1.2; Неизвестно→1
5) Результат по этапу: ЧД(этап) = Σ ЧД всех включённых работ этапа.";;;;
ИД. Внешний;Арх. Компонент. Процесс обработки данных;Интервьюирование заказчика, подтверждение финансирования и обработка RDS;Этап 218. Интервьюирование заказчика, подтверждение финансирования и обработка RDS;Этап 218;Опциональная;0,7;Тип системы-источника (внешний);1. Сложность реализации;"ЧД(работы) = ОКРУГЛ.ВВЕРХ(Норматив × [Сложность реализации]; 0,1)
  где Норматив — базовая оценка из столбца «Наличие норматива» (при всех Ki = 1 → ЧД = Норматив);
      ∏Ki — произведение коэффициентов выбранных параметров трудоёмкости.

• Округление: ОКРУГЛ.ВВЕРХ(…; 0,1) — вверх до 0,1 чд
• Итог этапа: ЧД(этап) = Σ ЧД включённых работ этапа

Переменные — параметры трудоёмкости (Ki, по умолчанию = 1):
  — Сложность реализации: Низкая→0.75; Средняя→1; Высокая→1.5; Неизвестно→1.25

Операнды: «×» — умножение норматива на коэффициенты Ki; при всех Ki = 1 → ЧД = Норматив.";"1) Триггер (когда работа включается): Тип системы-источника (внешний).
2) Норматив: 0,7 чд — базовый ЧД при значениях параметров по умолчанию (все K=1).
3) Формула ЧД: ЧД(работы) = ОКРУГЛ.ВВЕРХ(Норматив × [Сложность реализации]; 0,1) — норматив участвует множителем; подробно см. столбец «Формула».

4) Параметры трудоёмкости (переименованы по «Параметрам по блокам»; при выборе значения подтягивается коэффициент Kпараметра):
— Сложность реализации: Низкая→0.75; Средняя→1; Высокая→1.5; Неизвестно→1.25
5) Результат по этапу: ЧД(этап) = Σ ЧД всех включённых работ этапа.";;;;
ИД. Внешний;Арх. Компонент. Процесс обработки данных;Планирование и работа с бэклогом;Этап 218. Планирование и работа с бэклогом;Этап 218;Опциональная;1,1;Тип системы-источника (внешний);1. Сложность реализации;"ЧД(работы) = ОКРУГЛ.ВВЕРХ(Норматив × [Сложность реализации]; 0,1)
  где Норматив — базовая оценка из столбца «Наличие норматива» (при всех Ki = 1 → ЧД = Норматив);
      ∏Ki — произведение коэффициентов выбранных параметров трудоёмкости.

• Округление: ОКРУГЛ.ВВЕРХ(…; 0,1) — вверх до 0,1 чд
• Итог этапа: ЧД(этап) = Σ ЧД включённых работ этапа

Переменные — параметры трудоёмкости (Ki, по умолчанию = 1):
  — Сложность реализации: Низкая→0.75; Средняя→1; Высокая→1.5; Неизвестно→1.25

Операнды: «×» — умножение норматива на коэффициенты Ki; при всех Ki = 1 → ЧД = Норматив.";"1) Триггер (когда работа включается): Тип системы-источника (внешний).
2) Норматив: 1,1 чд — базовый ЧД при значениях параметров по умолчанию (все K=1).
3) Формула ЧД: ЧД(работы) = ОКРУГЛ.ВВЕРХ(Норматив × [Сложность реализации]; 0,1) — норматив участвует множителем; подробно см. столбец «Формула».

4) Параметры трудоёмкости (переименованы по «Параметрам по блокам»; при выборе значения подтягивается коэффициент Kпараметра):
— Сложность реализации: Низкая→0.75; Средняя→1; Высокая→1.5; Неизвестно→1.25
5) Результат по этапу: ЧД(этап) = Σ ЧД всех включённых работ этапа.";;;;
ИД. Внешний;Арх. Компонент. Процесс обработки данных;Сбор и анализ требований;Этап 218. Сбор и анализ требований;Этап 218;Опциональная;1,1;Тип системы-источника (внешний);1. Сложность реализации;"ЧД(работы) = ОКРУГЛ.ВВЕРХ(Норматив × [Сложность реализации]; 0,1)
  где Норматив — базовая оценка из столбца «Наличие норматива» (при всех Ki = 1 → ЧД = Норматив);
      ∏Ki — произведение коэффициентов выбранных параметров трудоёмкости.

• Округление: ОКРУГЛ.ВВЕРХ(…; 0,1) — вверх до 0,1 чд
• Итог этапа: ЧД(этап) = Σ ЧД включённых работ этапа

Переменные — параметры трудоёмкости (Ki, по умолчанию = 1):
  — Сложность реализации: Низкая→0.75; Средняя→1; Высокая→1.5; Неизвестно→1.25

Операнды: «×» — умножение норматива на коэффициенты Ki; при всех Ki = 1 → ЧД = Норматив.";"1) Триггер (когда работа включается): Тип системы-источника (внешний).
2) Норматив: 1,1 чд — базовый ЧД при значениях параметров по умолчанию (все K=1).
3) Формула ЧД: ЧД(работы) = ОКРУГЛ.ВВЕРХ(Норматив × [Сложность реализации]; 0,1) — норматив участвует множителем; подробно см. столбец «Формула».

4) Параметры трудоёмкости (переименованы по «Параметрам по блокам»; при выборе значения подтягивается коэффициент Kпараметра):
— Сложность реализации: Низкая→0.75; Средняя→1; Высокая→1.5; Неизвестно→1.25
5) Результат по этапу: ЧД(этап) = Σ ЧД всех включённых работ этапа.";;;;
ИД. Внешний;Арх. Компонент. Процесс обработки данных;Составление модели данных s2t;Этап 218. Составление модели данных s2t;Этап 218;Опциональная;1,2;Тип системы-источника (внешний);—;"ЧД(работы) = ОКРУГЛ.ВВЕРХ(Норматив; 0,1) = Норматив  (параметров трудоёмкости нет)
  где Норматив — базовая оценка из столбца «Наличие норматива» (при всех Ki = 1 → ЧД = Норматив);
      ∏Ki — произведение коэффициентов выбранных параметров трудоёмкости.

• Округление: ОКРУГЛ.ВВЕРХ(…; 0,1) — вверх до 0,1 чд
• Итог этапа: ЧД(этап) = Σ ЧД включённых работ этапа

Переменные — параметры трудоёмкости: нет (только норматив).

Операнды: «×» — умножение норматива на коэффициенты Ki; при всех Ki = 1 → ЧД = Норматив.";"1) Триггер (когда работа включается): Тип системы-источника (внешний).
2) Норматив: 1,2 чд — базовый ЧД при значениях параметров по умолчанию (все K=1).
3) Формула ЧД: ЧД(работы) = ОКРУГЛ.ВВЕРХ(Норматив; 0,1) = Норматив  (параметров трудоёмкости нет) — норматив участвует множителем; подробно см. столбец «Формула».

4) Параметры трудоёмкости: — (нормативные работы этапа, индивидуальные множители не задаются).
5) Результат по этапу: ЧД(этап) = Σ ЧД всех включённых работ этапа.";;;;
ИД. Внешний;Арх. Компонент. Процесс обработки данных;Составление БТ;Этап 218. Составление БТ;Этап 218;Опциональная;1,3;Тип системы-источника (внешний);1. Сложность реализации;"ЧД(работы) = ОКРУГЛ.ВВЕРХ(Норматив × [Сложность реализации]; 0,1)
  где Норматив — базовая оценка из столбца «Наличие норматива» (при всех Ki = 1 → ЧД = Норматив);
      ∏Ki — произведение коэффициентов выбранных параметров трудоёмкости.

• Округление: ОКРУГЛ.ВВЕРХ(…; 0,1) — вверх до 0,1 чд
• Итог этапа: ЧД(этап) = Σ ЧД включённых работ этапа

Переменные — параметры трудоёмкости (Ki, по умолчанию = 1):
  — Сложность реализации: Низкая→0.75; Средняя→1; Высокая→1.5; Неизвестно→1.25

Операнды: «×» — умножение норматива на коэффициенты Ki; при всех Ki = 1 → ЧД = Норматив.";"1) Триггер (когда работа включается): Тип системы-источника (внешний).
2) Норматив: 1,3 чд — базовый ЧД при значениях параметров по умолчанию (все K=1).
3) Формула ЧД: ЧД(работы) = ОКРУГЛ.ВВЕРХ(Норматив × [Сложность реализации]; 0,1) — норматив участвует множителем; подробно см. столбец «Формула».

4) Параметры трудоёмкости (переименованы по «Параметрам по блокам»; при выборе значения подтягивается коэффициент Kпараметра):
— Сложность реализации: Низкая→0.75; Средняя→1; Высокая→1.5; Неизвестно→1.25
5) Результат по этапу: ЧД(этап) = Σ ЧД всех включённых работ этапа.";;;;
ИД. Внешний;Арх. Компонент. Процесс обработки данных;Согласование артефактов Озера данных, участие в Тестировании и ПСИ;Этап 218. Согласование артефактов Озера данных, участие в Тестировании и ПСИ;Этап 218;Опциональная;0,7;Тип системы-источника (внешний);1. Сложность реализации;"ЧД(работы) = ОКРУГЛ.ВВЕРХ(Норматив × [Сложность реализации]; 0,1)
  где Норматив — базовая оценка из столбца «Наличие норматива» (при всех Ki = 1 → ЧД = Норматив);
      ∏Ki — произведение коэффициентов выбранных параметров трудоёмкости.

• Округление: ОКРУГЛ.ВВЕРХ(…; 0,1) — вверх до 0,1 чд
• Итог этапа: ЧД(этап) = Σ ЧД включённых работ этапа

Переменные — параметры трудоёмкости (Ki, по умолчанию = 1):
  — Сложность реализации: Низкая→0.75; Средняя→1; Высокая→1.5; Неизвестно→1.25

Операнды: «×» — умножение норматива на коэффициенты Ki; при всех Ki = 1 → ЧД = Норматив.";"1) Триггер (когда работа включается): Тип системы-источника (внешний).
2) Норматив: 0,7 чд — базовый ЧД при значениях параметров по умолчанию (все K=1).
3) Формула ЧД: ЧД(работы) = ОКРУГЛ.ВВЕРХ(Норматив × [Сложность реализации]; 0,1) — норматив участвует множителем; подробно см. столбец «Формула».

4) Параметры трудоёмкости (переименованы по «Параметрам по блокам»; при выборе значения подтягивается коэффициент Kпараметра):
— Сложность реализации: Низкая→0.75; Средняя→1; Высокая→1.5; Неизвестно→1.25
5) Результат по этапу: ЧД(этап) = Σ ЧД всех включённых работ этапа.";;;;
ИД. Внешний;Арх. Компонент. Процесс обработки данных;Доработка внутренней документации и инфрмационных ресурсов группы;Этап 218. Доработка внутренней документации и инфрмационных ресурсов группы;Этап 218;Опциональная;0,9;Тип системы-источника (внешний);—;"ЧД(работы) = ОКРУГЛ.ВВЕРХ(Норматив; 0,1) = Норматив  (параметров трудоёмкости нет)
  где Норматив — базовая оценка из столбца «Наличие норматива» (при всех Ki = 1 → ЧД = Норматив);
      ∏Ki — произведение коэффициентов выбранных параметров трудоёмкости.

• Округление: ОКРУГЛ.ВВЕРХ(…; 0,1) — вверх до 0,1 чд
• Итог этапа: ЧД(этап) = Σ ЧД включённых работ этапа

Переменные — параметры трудоёмкости: нет (только норматив).

Операнды: «×» — умножение норматива на коэффициенты Ki; при всех Ki = 1 → ЧД = Норматив.";"1) Триггер (когда работа включается): Тип системы-источника (внешний).
2) Норматив: 0,9 чд — базовый ЧД при значениях параметров по умолчанию (все K=1).
3) Формула ЧД: ЧД(работы) = ОКРУГЛ.ВВЕРХ(Норматив; 0,1) = Норматив  (параметров трудоёмкости нет) — норматив участвует множителем; подробно см. столбец «Формула».

4) Параметры трудоёмкости: — (нормативные работы этапа, индивидуальные множители не задаются).
5) Результат по этапу: ЧД(этап) = Σ ЧД всех включённых работ этапа.";;;;
ИД. Внешний;Арх. Компонент. Объект данных;Интервьюирование заказчика, подтверждение финансирования и обработка RDS;Этап 218. Интервьюирование заказчика, подтверждение финансирования и обработка RDS;Этап 218;Опциональная;0,7;Тип системы-источника (внешний);1. Сложность реализации;"ЧД(работы) = ОКРУГЛ.ВВЕРХ(Норматив × [Сложность реализации]; 0,1)
  где Норматив — базовая оценка из столбца «Наличие норматива» (при всех Ki = 1 → ЧД = Норматив);
      ∏Ki — произведение коэффициентов выбранных параметров трудоёмкости.

• Округление: ОКРУГЛ.ВВЕРХ(…; 0,1) — вверх до 0,1 чд
• Итог этапа: ЧД(этап) = Σ ЧД включённых работ этапа

Переменные — параметры трудоёмкости (Ki, по умолчанию = 1):
  — Сложность реализации: Низкая→0.75; Средняя→1; Высокая→1.5; Неизвестно→1.25

Операнды: «×» — умножение норматива на коэффициенты Ki; при всех Ki = 1 → ЧД = Норматив.";"1) Триггер (когда работа включается): Тип системы-источника (внешний).
2) Норматив: 0,7 чд — базовый ЧД при значениях параметров по умолчанию (все K=1).
3) Формула ЧД: ЧД(работы) = ОКРУГЛ.ВВЕРХ(Норматив × [Сложность реализации]; 0,1) — норматив участвует множителем; подробно см. столбец «Формула».

4) Параметры трудоёмкости (переименованы по «Параметрам по блокам»; при выборе значения подтягивается коэффициент Kпараметра):
— Сложность реализации: Низкая→0.75; Средняя→1; Высокая→1.5; Неизвестно→1.25
5) Результат по этапу: ЧД(этап) = Σ ЧД всех включённых работ этапа.";;;;
ИД. Внешний;Арх. Компонент. Объект данных;Планирование и работа с бэклогом;Этап 218. Планирование и работа с бэклогом;Этап 218;Опциональная;1,1;Тип системы-источника (внешний);1. Сложность реализации;"ЧД(работы) = ОКРУГЛ.ВВЕРХ(Норматив × [Сложность реализации]; 0,1)
  где Норматив — базовая оценка из столбца «Наличие норматива» (при всех Ki = 1 → ЧД = Норматив);
      ∏Ki — произведение коэффициентов выбранных параметров трудоёмкости.

• Округление: ОКРУГЛ.ВВЕРХ(…; 0,1) — вверх до 0,1 чд
• Итог этапа: ЧД(этап) = Σ ЧД включённых работ этапа

Переменные — параметры трудоёмкости (Ki, по умолчанию = 1):
  — Сложность реализации: Низкая→0.75; Средняя→1; Высокая→1.5; Неизвестно→1.25

Операнды: «×» — умножение норматива на коэффициенты Ki; при всех Ki = 1 → ЧД = Норматив.";"1) Триггер (когда работа включается): Тип системы-источника (внешний).
2) Норматив: 1,1 чд — базовый ЧД при значениях параметров по умолчанию (все K=1).
3) Формула ЧД: ЧД(работы) = ОКРУГЛ.ВВЕРХ(Норматив × [Сложность реализации]; 0,1) — норматив участвует множителем; подробно см. столбец «Формула».

4) Параметры трудоёмкости (переименованы по «Параметрам по блокам»; при выборе значения подтягивается коэффициент Kпараметра):
— Сложность реализации: Низкая→0.75; Средняя→1; Высокая→1.5; Неизвестно→1.25
5) Результат по этапу: ЧД(этап) = Σ ЧД всех включённых работ этапа.";;;;
ИД. Внешний;Арх. Компонент. Объект данных;Сбор и анализ требований;Этап 218. Сбор и анализ требований;Этап 218;Опциональная;1,1;Тип системы-источника (внешний);1. Сложность реализации;"ЧД(работы) = ОКРУГЛ.ВВЕРХ(Норматив × [Сложность реализации]; 0,1)
  где Норматив — базовая оценка из столбца «Наличие норматива» (при всех Ki = 1 → ЧД = Норматив);
      ∏Ki — произведение коэффициентов выбранных параметров трудоёмкости.

• Округление: ОКРУГЛ.ВВЕРХ(…; 0,1) — вверх до 0,1 чд
• Итог этапа: ЧД(этап) = Σ ЧД включённых работ этапа

Переменные — параметры трудоёмкости (Ki, по умолчанию = 1):
  — Сложность реализации: Низкая→0.75; Средняя→1; Высокая→1.5; Неизвестно→1.25

Операнды: «×» — умножение норматива на коэффициенты Ki; при всех Ki = 1 → ЧД = Норматив.";"1) Триггер (когда работа включается): Тип системы-источника (внешний).
2) Норматив: 1,1 чд — базовый ЧД при значениях параметров по умолчанию (все K=1).
3) Формула ЧД: ЧД(работы) = ОКРУГЛ.ВВЕРХ(Норматив × [Сложность реализации]; 0,1) — норматив участвует множителем; подробно см. столбец «Формула».

4) Параметры трудоёмкости (переименованы по «Параметрам по блокам»; при выборе значения подтягивается коэффициент Kпараметра):
— Сложность реализации: Низкая→0.75; Средняя→1; Высокая→1.5; Неизвестно→1.25
5) Результат по этапу: ЧД(этап) = Σ ЧД всех включённых работ этапа.";;;;
ИД. Внешний;Арх. Компонент. Объект данных;Составление модели данных s2t;Этап 218. Составление модели данных s2t;Этап 218;Опциональная;1,2;Тип системы-источника (внешний);—;"ЧД(работы) = ОКРУГЛ.ВВЕРХ(Норматив; 0,1) = Норматив  (параметров трудоёмкости нет)
  где Норматив — базовая оценка из столбца «Наличие норматива» (при всех Ki = 1 → ЧД = Норматив);
      ∏Ki — произведение коэффициентов выбранных параметров трудоёмкости.

• Округление: ОКРУГЛ.ВВЕРХ(…; 0,1) — вверх до 0,1 чд
• Итог этапа: ЧД(этап) = Σ ЧД включённых работ этапа

Переменные — параметры трудоёмкости: нет (только норматив).

Операнды: «×» — умножение норматива на коэффициенты Ki; при всех Ki = 1 → ЧД = Норматив.";"1) Триггер (когда работа включается): Тип системы-источника (внешний).
2) Норматив: 1,2 чд — базовый ЧД при значениях параметров по умолчанию (все K=1).
3) Формула ЧД: ЧД(работы) = ОКРУГЛ.ВВЕРХ(Норматив; 0,1) = Норматив  (параметров трудоёмкости нет) — норматив участвует множителем; подробно см. столбец «Формула».

4) Параметры трудоёмкости: — (нормативные работы этапа, индивидуальные множители не задаются).
5) Результат по этапу: ЧД(этап) = Σ ЧД всех включённых работ этапа.";;;;
ИД. Внешний;Арх. Компонент. Объект данных;Составление БТ;Этап 218. Составление БТ;Этап 218;Опциональная;1,3;Тип системы-источника (внешний);1. Сложность реализации;"ЧД(работы) = ОКРУГЛ.ВВЕРХ(Норматив × [Сложность реализации]; 0,1)
  где Норматив — базовая оценка из столбца «Наличие норматива» (при всех Ki = 1 → ЧД = Норматив);
      ∏Ki — произведение коэффициентов выбранных параметров трудоёмкости.

• Округление: ОКРУГЛ.ВВЕРХ(…; 0,1) — вверх до 0,1 чд
• Итог этапа: ЧД(этап) = Σ ЧД включённых работ этапа

Переменные — параметры трудоёмкости (Ki, по умолчанию = 1):
  — Сложность реализации: Низкая→0.75; Средняя→1; Высокая→1.5; Неизвестно→1.25

Операнды: «×» — умножение норматива на коэффициенты Ki; при всех Ki = 1 → ЧД = Норматив.";"1) Триггер (когда работа включается): Тип системы-источника (внешний).
2) Норматив: 1,3 чд — базовый ЧД при значениях параметров по умолчанию (все K=1).
3) Формула ЧД: ЧД(работы) = ОКРУГЛ.ВВЕРХ(Норматив × [Сложность реализации]; 0,1) — норматив участвует множителем; подробно см. столбец «Формула».

4) Параметры трудоёмкости (переименованы по «Параметрам по блокам»; при выборе значения подтягивается коэффициент Kпараметра):
— Сложность реализации: Низкая→0.75; Средняя→1; Высокая→1.5; Неизвестно→1.25
5) Результат по этапу: ЧД(этап) = Σ ЧД всех включённых работ этапа.";;;;
ИД. Внешний;Арх. Компонент. Объект данных;Согласование артефактов Озера данных, участие в Тестировании и ПСИ;Этап 218. Согласование артефактов Озера данных, участие в Тестировании и ПСИ;Этап 218;Опциональная;0,7;Тип системы-источника (внешний);1. Сложность реализации;"ЧД(работы) = ОКРУГЛ.ВВЕРХ(Норматив × [Сложность реализации]; 0,1)
  где Норматив — базовая оценка из столбца «Наличие норматива» (при всех Ki = 1 → ЧД = Норматив);
      ∏Ki — произведение коэффициентов выбранных параметров трудоёмкости.

• Округление: ОКРУГЛ.ВВЕРХ(…; 0,1) — вверх до 0,1 чд
• Итог этапа: ЧД(этап) = Σ ЧД включённых работ этапа

Переменные — параметры трудоёмкости (Ki, по умолчанию = 1):
  — Сложность реализации: Низкая→0.75; Средняя→1; Высокая→1.5; Неизвестно→1.25

Операнды: «×» — умножение норматива на коэффициенты Ki; при всех Ki = 1 → ЧД = Норматив.";"1) Триггер (когда работа включается): Тип системы-источника (внешний).
2) Норматив: 0,7 чд — базовый ЧД при значениях параметров по умолчанию (все K=1).
3) Формула ЧД: ЧД(работы) = ОКРУГЛ.ВВЕРХ(Норматив × [Сложность реализации]; 0,1) — норматив участвует множителем; подробно см. столбец «Формула».

4) Параметры трудоёмкости (переименованы по «Параметрам по блокам»; при выборе значения подтягивается коэффициент Kпараметра):
— Сложность реализации: Низкая→0.75; Средняя→1; Высокая→1.5; Неизвестно→1.25
5) Результат по этапу: ЧД(этап) = Σ ЧД всех включённых работ этапа.";;;;
ИД. Внешний;Арх. Компонент. Объект данных;Доработка внутренней документации и инфрмационных ресурсов группы;Этап 218. Доработка внутренней документации и инфрмационных ресурсов группы;Этап 218;Опциональная;0,9;Тип системы-источника (внешний);—;"ЧД(работы) = ОКРУГЛ.ВВЕРХ(Норматив; 0,1) = Норматив  (параметров трудоёмкости нет)
  где Норматив — базовая оценка из столбца «Наличие норматива» (при всех Ki = 1 → ЧД = Норматив);
      ∏Ki — произведение коэффициентов выбранных параметров трудоёмкости.

• Округление: ОКРУГЛ.ВВЕРХ(…; 0,1) — вверх до 0,1 чд
• Итог этапа: ЧД(этап) = Σ ЧД включённых работ этапа

Переменные — параметры трудоёмкости: нет (только норматив).

Операнды: «×» — умножение норматива на коэффициенты Ki; при всех Ki = 1 → ЧД = Норматив.";"1) Триггер (когда работа включается): Тип системы-источника (внешний).
2) Норматив: 0,9 чд — базовый ЧД при значениях параметров по умолчанию (все K=1).
3) Формула ЧД: ЧД(работы) = ОКРУГЛ.ВВЕРХ(Норматив; 0,1) = Норматив  (параметров трудоёмкости нет) — норматив участвует множителем; подробно см. столбец «Формула».

4) Параметры трудоёмкости: — (нормативные работы этапа, индивидуальные множители не задаются).
5) Результат по этапу: ЧД(этап) = Σ ЧД всех включённых работ этапа.";;;;
ИД. Внешний;Источники данных?;Сбор и анализ требований по изменениям;Этап 219. Сбор и анализ требований по изменениям;Этап 219;Опциональная;2;"Не понятно условие появления работ
Тип системы-источника (внешний)";"1. Объем изменений в ТИС
2. Необходимость изучения регламентов Банка
3. Необходимо пересогласование артефакта";"ЧД(работы) = ОКРУГЛ.ВВЕРХ(Норматив × [Объем изменений в ТИС] × [Необходимость изучения регламентов Банка] × [Необходимо пересогласование артефакта]; 0,1)
  где Норматив — базовая оценка из столбца «Наличие норматива» (при всех Ki = 1 → ЧД = Норматив);
      ∏Ki — произведение коэффициентов выбранных параметров трудоёмкости.

• Округление: ОКРУГЛ.ВВЕРХ(…; 0,1) — вверх до 0,1 чд
• Итог этапа: ЧД(этап) = Σ ЧД включённых работ этапа

Переменные — параметры трудоёмкости (Ki, по умолчанию = 1):
  — Объем изменений в ТИС: Точечное(1-4)→0.5; Малое(5-9)→0.75; Среднее(9-15)→1; Крупное(15-20)→1.25; Большое(20-25)→1.5; Масштабное(25+)→1.75; Неизвестно→1.25
  — Необходимость изучения регламентов Банка: Да→1; Нет→0; Неизвестно→1
  — Необходимо пересогласование артефакта: Да→1; Нет→0; Неизвестно→1

Операнды: «×» — умножение норматива на коэффициенты Ki; при всех Ki = 1 → ЧД = Норматив.";"1) Триггер (когда работа включается): Не понятно условие появления работ; Тип системы-источника (внешний).
2) Норматив: 2 чд — базовый ЧД при значениях параметров по умолчанию (все K=1).
3) Формула ЧД: ЧД(работы) = ОКРУГЛ.ВВЕРХ(Норматив × [Объем изменений в ТИС] × [Необходимость изучения регламентов Банка] × [Необходимо пересогласование артефакта]; 0,1) — норматив участвует множителем; подробно см. столбец «Формула».

4) Параметры трудоёмкости (переименованы по «Параметрам по блокам»; при выборе значения подтягивается коэффициент Kпараметра):
— Объем изменений в ТИС: Точечное(1-4)→0.5; Малое(5-9)→0.75; Среднее(9-15)→1; Крупное(15-20)→1.25; Большое(20-25)→1.5; Масштабное(25)→1.75; Неизвестно→1.25
— Необходимость изучения регламентов Банка: Да→1; Нет→0; Неизвестно→1
— Необходимо пересогласование артефакта: Да→1; Нет→0; Неизвестно→1
5) Результат по этапу: ЧД(этап) = Σ ЧД всех включённых работ этапа.";;ТИС пишется для какого арх. компонента?;;"Решение отложено: вопрос привязки ТИС (этап 219) к арх. компоненту — выносится на следующую встречу, так как ТИС не привязывается к отдельному решению, дорабатывается раз в квартал по совокупности — нужен механизм ""процентного соотношения к любым работам"" либо нетиповая работа."
ИД. Внешний;Источники данных?;Системный анализ;Этап 219. Системный анализ;Этап 219;Опциональная;3,8;Тип системы-источника (внешний);"1. Объем изменений в ТИС
2. Необходимость изучения регламентов Банка
3. Необходимо пересогласование артефакта";"ЧД(работы) = ОКРУГЛ.ВВЕРХ(Норматив × [Объем изменений в ТИС] × [Необходимость изучения регламентов Банка] × [Необходимо пересогласование артефакта]; 0,1)
  где Норматив — базовая оценка из столбца «Наличие норматива» (при всех Ki = 1 → ЧД = Норматив);
      ∏Ki — произведение коэффициентов выбранных параметров трудоёмкости.

• Округление: ОКРУГЛ.ВВЕРХ(…; 0,1) — вверх до 0,1 чд
• Итог этапа: ЧД(этап) = Σ ЧД включённых работ этапа

Переменные — параметры трудоёмкости (Ki, по умолчанию = 1):
  — Объем изменений в ТИС: Точечное(1-4)→0.5; Малое(5-9)→0.75; Среднее(9-15)→1; Крупное(15-20)→1.25; Большое(20-25)→1.5; Масштабное(25+)→1.75; Неизвестно→1.25
  — Необходимость изучения регламентов Банка: Да→1; Нет→0; Неизвестно→1
  — Необходимо пересогласование артефакта: Да→1; Нет→0; Неизвестно→1

Операнды: «×» — умножение норматива на коэффициенты Ki; при всех Ki = 1 → ЧД = Норматив.";"1) Триггер (когда работа включается): Тип системы-источника (внешний).
2) Норматив: 3,8 чд — базовый ЧД при значениях параметров по умолчанию (все K=1).
3) Формула ЧД: ЧД(работы) = ОКРУГЛ.ВВЕРХ(Норматив × [Объем изменений в ТИС] × [Необходимость изучения регламентов Банка] × [Необходимо пересогласование артефакта]; 0,1) — норматив участвует множителем; подробно см. столбец «Формула».

4) Параметры трудоёмкости (переименованы по «Параметрам по блокам»; при выборе значения подтягивается коэффициент Kпараметра):
— Объем изменений в ТИС: Точечное(1-4)→0.5; Малое(5-9)→0.75; Среднее(9-15)→1; Крупное(15-20)→1.25; Большое(20-25)→1.5; Масштабное(25)→1.75; Неизвестно→1.25
— Необходимость изучения регламентов Банка: Да→1; Нет→0; Неизвестно→1
— Необходимо пересогласование артефакта: Да→1; Нет→0; Неизвестно→1
5) Результат по этапу: ЧД(этап) = Σ ЧД всех включённых работ этапа.";;ТИС пишется для какого арх. компонента?;;Решение отложено (см. строку 87).
ИД. Внешний;Источники данных?;Изучение регламентов Банка по ведению редактируемого раздела/ов;Этап 219. Изучение регламентов Банка по ведению редактируемого раздела/ов;Этап 219;Опциональная;0,8;Тип системы-источника (внешний);"1. Объем изменений в ТИС
2. Необходимость изучения регламентов Банка
3. Необходимо пересогласование артефакта";"ЧД(работы) = ОКРУГЛ.ВВЕРХ(Норматив × [Объем изменений в ТИС] × [Необходимость изучения регламентов Банка] × [Необходимо пересогласование артефакта]; 0,1)
  где Норматив — базовая оценка из столбца «Наличие норматива» (при всех Ki = 1 → ЧД = Норматив);
      ∏Ki — произведение коэффициентов выбранных параметров трудоёмкости.

• Округление: ОКРУГЛ.ВВЕРХ(…; 0,1) — вверх до 0,1 чд
• Итог этапа: ЧД(этап) = Σ ЧД включённых работ этапа

Переменные — параметры трудоёмкости (Ki, по умолчанию = 1):
  — Объем изменений в ТИС: Точечное(1-4)→0.5; Малое(5-9)→0.75; Среднее(9-15)→1; Крупное(15-20)→1.25; Большое(20-25)→1.5; Масштабное(25+)→1.75; Неизвестно→1.25
  — Необходимость изучения регламентов Банка: Да→1; Нет→0; Неизвестно→1
  — Необходимо пересогласование артефакта: Да→1; Нет→0; Неизвестно→1

Операнды: «×» — умножение норматива на коэффициенты Ki; при всех Ki = 1 → ЧД = Норматив.";"1) Триггер (когда работа включается): Тип системы-источника (внешний).
2) Норматив: 0,8 чд — базовый ЧД при значениях параметров по умолчанию (все K=1).
3) Формула ЧД: ЧД(работы) = ОКРУГЛ.ВВЕРХ(Норматив × [Объем изменений в ТИС] × [Необходимость изучения регламентов Банка] × [Необходимо пересогласование артефакта]; 0,1) — норматив участвует множителем; подробно см. столбец «Формула».

4) Параметры трудоёмкости (переименованы по «Параметрам по блокам»; при выборе значения подтягивается коэффициент Kпараметра):
— Объем изменений в ТИС: Точечное(1-4)→0.5; Малое(5-9)→0.75; Среднее(9-15)→1; Крупное(15-20)→1.25; Большое(20-25)→1.5; Масштабное(25)→1.75; Неизвестно→1.25
— Необходимость изучения регламентов Банка: Да→1; Нет→0; Неизвестно→1
— Необходимо пересогласование артефакта: Да→1; Нет→0; Неизвестно→1
5) Результат по этапу: ЧД(этап) = Σ ЧД всех включённых работ этапа.";;ТИС пишется для какого арх. компонента?;;Решение отложено (см. строку 87).
ИД. Внешний;Источники данных?;Редактирование артефакта;Этап 219. Редактирование артефакта;Этап 219;Опциональная;4,4;Тип системы-источника (внешний);"1. Объем изменений в ТИС
2. Необходимость изучения регламентов Банка
3. Необходимо пересогласование артефакта";"ЧД(работы) = ОКРУГЛ.ВВЕРХ(Норматив × [Объем изменений в ТИС] × [Необходимость изучения регламентов Банка] × [Необходимо пересогласование артефакта]; 0,1)
  где Норматив — базовая оценка из столбца «Наличие норматива» (при всех Ki = 1 → ЧД = Норматив);
      ∏Ki — произведение коэффициентов выбранных параметров трудоёмкости.

• Округление: ОКРУГЛ.ВВЕРХ(…; 0,1) — вверх до 0,1 чд
• Итог этапа: ЧД(этап) = Σ ЧД включённых работ этапа

Переменные — параметры трудоёмкости (Ki, по умолчанию = 1):
  — Объем изменений в ТИС: Точечное(1-4)→0.5; Малое(5-9)→0.75; Среднее(9-15)→1; Крупное(15-20)→1.25; Большое(20-25)→1.5; Масштабное(25+)→1.75; Неизвестно→1.25
  — Необходимость изучения регламентов Банка: Да→1; Нет→0; Неизвестно→1
  — Необходимо пересогласование артефакта: Да→1; Нет→0; Неизвестно→1

Операнды: «×» — умножение норматива на коэффициенты Ki; при всех Ki = 1 → ЧД = Норматив.";"1) Триггер (когда работа включается): Тип системы-источника (внешний).
2) Норматив: 4,4 чд — базовый ЧД при значениях параметров по умолчанию (все K=1).
3) Формула ЧД: ЧД(работы) = ОКРУГЛ.ВВЕРХ(Норматив × [Объем изменений в ТИС] × [Необходимость изучения регламентов Банка] × [Необходимо пересогласование артефакта]; 0,1) — норматив участвует множителем; подробно см. столбец «Формула».

4) Параметры трудоёмкости (переименованы по «Параметрам по блокам»; при выборе значения подтягивается коэффициент Kпараметра):
— Объем изменений в ТИС: Точечное(1-4)→0.5; Малое(5-9)→0.75; Среднее(9-15)→1; Крупное(15-20)→1.25; Большое(20-25)→1.5; Масштабное(25)→1.75; Неизвестно→1.25
— Необходимость изучения регламентов Банка: Да→1; Нет→0; Неизвестно→1
— Необходимо пересогласование артефакта: Да→1; Нет→0; Неизвестно→1
5) Результат по этапу: ЧД(этап) = Σ ЧД всех включённых работ этапа.";;ТИС пишется для какого арх. компонента?;;Решение отложено (см. строку 87).
ИД. Внешний;Источники данных?;Согласование артефакта;Этап 219. Согласование артефакта;Этап 219;Опциональная;0,8;Тип системы-источника (внешний);"1. Объем изменений в ТИС
2. Необходимость изучения регламентов Банка
3. Необходимо пересогласование артефакта";"ЧД(работы) = ОКРУГЛ.ВВЕРХ(Норматив × [Объем изменений в ТИС] × [Необходимость изучения регламентов Банка] × [Необходимо пересогласование артефакта]; 0,1)
  где Норматив — базовая оценка из столбца «Наличие норматива» (при всех Ki = 1 → ЧД = Норматив);
      ∏Ki — произведение коэффициентов выбранных параметров трудоёмкости.

• Округление: ОКРУГЛ.ВВЕРХ(…; 0,1) — вверх до 0,1 чд
• Итог этапа: ЧД(этап) = Σ ЧД включённых работ этапа

Переменные — параметры трудоёмкости (Ki, по умолчанию = 1):
  — Объем изменений в ТИС: Точечное(1-4)→0.5; Малое(5-9)→0.75; Среднее(9-15)→1; Крупное(15-20)→1.25; Большое(20-25)→1.5; Масштабное(25+)→1.75; Неизвестно→1.25
  — Необходимость изучения регламентов Банка: Да→1; Нет→0; Неизвестно→1
  — Необходимо пересогласование артефакта: Да→1; Нет→0; Неизвестно→1

Операнды: «×» — умножение норматива на коэффициенты Ki; при всех Ki = 1 → ЧД = Норматив.";"1) Триггер (когда работа включается): Тип системы-источника (внешний).
2) Норматив: 0,8 чд — базовый ЧД при значениях параметров по умолчанию (все K=1).
3) Формула ЧД: ЧД(работы) = ОКРУГЛ.ВВЕРХ(Норматив × [Объем изменений в ТИС] × [Необходимость изучения регламентов Банка] × [Необходимо пересогласование артефакта]; 0,1) — норматив участвует множителем; подробно см. столбец «Формула».

4) Параметры трудоёмкости (переименованы по «Параметрам по блокам»; при выборе значения подтягивается коэффициент Kпараметра):
— Объем изменений в ТИС: Точечное(1-4)→0.5; Малое(5-9)→0.75; Среднее(9-15)→1; Крупное(15-20)→1.25; Большое(20-25)→1.5; Масштабное(25)→1.75; Неизвестно→1.25
— Необходимость изучения регламентов Банка: Да→1; Нет→0; Неизвестно→1
— Необходимо пересогласование артефакта: Да→1; Нет→0; Неизвестно→1
5) Результат по этапу: ЧД(этап) = Σ ЧД всех включённых работ этапа.";;ТИС пишется для какого арх. компонента?;;Решение отложено (см. строку 87).
ИД. Внешний;Арх. Компонент. Объект данных;Планирование и работа с бэклогом;Этап 220. Планирование и работа с бэклогом;Этап 220;Опциональная;0,7;Тип системы-источника (внешний);"1. Тип работ
2. Способ предоставления данных заказчику
3. Наличие конфиденциальных данных
4. Требуется хэширование/ шифрование
5. Двусторонний обмен данными";"ЧД(работы) = ОКРУГЛ.ВВЕРХ(Норматив × [Тип работ] × [Способ предоставления данных заказчику] × [Наличие конфиденциальных данных] × [Требуется хэширование/ шифрование] × [Двусторонний обмен данными]; 0,1)
  где Норматив — базовая оценка из столбца «Наличие норматива» (при всех Ki = 1 → ЧД = Норматив);
      ∏Ki — произведение коэффициентов выбранных параметров трудоёмкости.

• Округление: ОКРУГЛ.ВВЕРХ(…; 0,1) — вверх до 0,1 чд
• Итог этапа: ЧД(этап) = Σ ЧД включённых работ этапа

Переменные — параметры трудоёмкости (Ki, по умолчанию = 1):
  — Тип работ: Разработка→1.1; Доработка→0.75; Настройка→0.5; Неизвестно→1
  — Способ предоставления данных заказчику: Непосредственно→0.8; Опосредованно→1.2; Неизвестно→1
  — Наличие конфиденциальных данных: Да→1.25; Нет→0; Неизвестно→1
  — Требуется хэширование/ шифрование: Да→1.25; Нет→0.75; Неизвестно→1 (на «Система-источник» Нет→0.9)
  — Двусторонний обмен данными: Да→1.25; Нет→0.75; Неизвестно→1

Операнды: «×» — умножение норматива на коэффициенты Ki; при всех Ki = 1 → ЧД = Норматив.";"1) Триггер (когда работа включается): Тип системы-источника (внешний).
2) Норматив: 0,7 чд — базовый ЧД при значениях параметров по умолчанию (все K=1).
3) Формула ЧД: ЧД(работы) = ОКРУГЛ.ВВЕРХ(Норматив × [Тип работ] × [Способ предоставления данных заказчику] × [Наличие конфиденциальных данных] × [Требуется хэширование/ шифрование] × [Двусторонний обмен данными]; 0,1) — норматив участвует множителем; подробно см. столбец «Формула».

4) Параметры трудоёмкости (переименованы по «Параметрам по блокам»; при выборе значения подтягивается коэффициент Kпараметра):
— Тип работ: Разработка→1.1; Доработка→0.75; Настройка→0.5; Неизвестно→1
— Способ предоставления данных заказчику: Непосредственно→0.8; Опосредованно→1.2; Неизвестно→1
— Наличие конфиденциальных данных: Да→1.25; Нет→0; Неизвестно→1
— Требуется хэширование/ шифрование: Да→1.25; Нет→0.75; Неизвестно→1 (на «Система-источник» Нет→0.9)
— Двусторонний обмен данными: Да→1.25; Нет→0.75; Неизвестно→1
5) Результат по этапу: ЧД(этап) = Σ ЧД всех включённых работ этапа.";;;;
ИД. Внешний;Арх. Компонент. Объект данных;Согласование и корректировка входящих требований;Этап 220. Согласование и корректировка входящих требований;Этап 220;Опциональная;0,8;Тип системы-источника (внешний);"— (трудоёмкость считается как доля от Этапа 217; параметры те же, что у соответствующей работы Этапа 217)";"ЧД(работы) = ОКРУГЛ.ВВЕРХ(Норматив × Kдоля(Этап 217); 0,1)  — доля от соответствующей работы Этапа 217
  где Норматив — базовая оценка из столбца «Наличие норматива» (при всех Ki = 1 → ЧД = Норматив);
      ∏Ki — произведение коэффициентов выбранных параметров трудоёмкости.

• Округление: ОКРУГЛ.ВВЕРХ(…; 0,1) — вверх до 0,1 чд
• Итог этапа: ЧД(этап) = Σ ЧД включённых работ этапа

Переменные — параметры трудоёмкости: Kдоля(Этап 217) — те же параметры, что у соответствующей работы Этапа 217.

Операнды: «×» — умножение норматива на коэффициенты Ki; при всех Ki = 1 → ЧД = Норматив.";"1) Триггер (когда работа включается): Тип системы-источника (внешний).
2) Норматив: 0,8 чд — базовый ЧД при значениях параметров по умолчанию (все K=1).
3) Формула ЧД: ЧД(работы) = ОКРУГЛ.ВВЕРХ(Норматив × Kдоля(Этап 217); 0,1)  — доля от соответствующей работы Этапа 217 — норматив участвует множителем; подробно см. столбец «Формула».

4) Параметры трудоёмкости: — (трудоёмкость считается как доля от трудоёмкости соответствующей работы Этапа 217; набор параметров тот же).
5) Результат по этапу: ЧД(этап) = Σ ЧД всех включённых работ этапа.";;;;
ИД. Внешний;Арх. Компонент. Объект данных;Согласование и проверка модели данных s2t;Этап 220. Согласование и проверка модели данных s2t;Этап 220;Опциональная;0,5;Тип системы-источника (внешний);"— (трудоёмкость считается как доля от Этапа 217; параметры те же, что у соответствующей работы Этапа 217)";"ЧД(работы) = ОКРУГЛ.ВВЕРХ(Норматив × Kдоля(Этап 217); 0,1)  — доля от соответствующей работы Этапа 217
  где Норматив — базовая оценка из столбца «Наличие норматива» (при всех Ki = 1 → ЧД = Норматив);
      ∏Ki — произведение коэффициентов выбранных параметров трудоёмкости.

• Округление: ОКРУГЛ.ВВЕРХ(…; 0,1) — вверх до 0,1 чд
• Итог этапа: ЧД(этап) = Σ ЧД включённых работ этапа

Переменные — параметры трудоёмкости: Kдоля(Этап 217) — те же параметры, что у соответствующей работы Этапа 217.

Операнды: «×» — умножение норматива на коэффициенты Ki; при всех Ki = 1 → ЧД = Норматив.";"1) Триггер (когда работа включается): Тип системы-источника (внешний).
2) Норматив: 0,5 чд — базовый ЧД при значениях параметров по умолчанию (все K=1).
3) Формула ЧД: ЧД(работы) = ОКРУГЛ.ВВЕРХ(Норматив × Kдоля(Этап 217); 0,1)  — доля от соответствующей работы Этапа 217 — норматив участвует множителем; подробно см. столбец «Формула».

4) Параметры трудоёмкости: — (трудоёмкость считается как доля от трудоёмкости соответствующей работы Этапа 217; набор параметров тот же).
5) Результат по этапу: ЧД(этап) = Σ ЧД всех включённых работ этапа.";;;;
ИД. Внешний;Арх. Компонент. Объект данных;Работа над артефактом АР;Этап 220. Работа над артефактом АР;Этап 220;Опциональная;2,3;Тип системы-источника (внешний);"1. Тип работ
2. Наличие конфиденциальных данных
3. Требуется хэширование/ шифрование
4. Двусторонний обмен данными";"ЧД(работы) = ОКРУГЛ.ВВЕРХ(Норматив × [Тип работ] × [Наличие конфиденциальных данных] × [Требуется хэширование/ шифрование] × [Двусторонний обмен данными]; 0,1)
  где Норматив — базовая оценка из столбца «Наличие норматива» (при всех Ki = 1 → ЧД = Норматив);
      ∏Ki — произведение коэффициентов выбранных параметров трудоёмкости.

• Округление: ОКРУГЛ.ВВЕРХ(…; 0,1) — вверх до 0,1 чд
• Итог этапа: ЧД(этап) = Σ ЧД включённых работ этапа

Переменные — параметры трудоёмкости (Ki, по умолчанию = 1):
  — Тип работ: Разработка→1.1; Доработка→0.75; Настройка→0.5; Неизвестно→1
  — Наличие конфиденциальных данных: Да→1.25; Нет→0; Неизвестно→1
  — Требуется хэширование/ шифрование: Да→1.25; Нет→0.75; Неизвестно→1 (на «Система-источник» Нет→0.9)
  — Двусторонний обмен данными: Да→1.25; Нет→0.75; Неизвестно→1

Операнды: «×» — умножение норматива на коэффициенты Ki; при всех Ki = 1 → ЧД = Норматив.";"1) Триггер (когда работа включается): Тип системы-источника (внешний).
2) Норматив: 2,3 чд — базовый ЧД при значениях параметров по умолчанию (все K=1).
3) Формула ЧД: ЧД(работы) = ОКРУГЛ.ВВЕРХ(Норматив × [Тип работ] × [Наличие конфиденциальных данных] × [Требуется хэширование/ шифрование] × [Двусторонний обмен данными]; 0,1) — норматив участвует множителем; подробно см. столбец «Формула».

4) Параметры трудоёмкости (переименованы по «Параметрам по блокам»; при выборе значения подтягивается коэффициент Kпараметра):
— Тип работ: Разработка→1.1; Доработка→0.75; Настройка→0.5; Неизвестно→1
— Наличие конфиденциальных данных: Да→1.25; Нет→0; Неизвестно→1
— Требуется хэширование/ шифрование: Да→1.25; Нет→0.75; Неизвестно→1 (на «Система-источник» Нет→0.9)
— Двусторонний обмен данными: Да→1.25; Нет→0.75; Неизвестно→1
5) Результат по этапу: ЧД(этап) = Σ ЧД всех включённых работ этапа.";;;;
ИД. Внешний;Арх. Компонент. Объект данных;Работа над артефактами ТПиС, ПМИ;Этап 220. Работа над артефактами ТПиС, ПМИ;Этап 220;Опциональная;1;Тип системы-источника (внешний);"1. Тип работ
2. Наличие конфиденциальных данных
3. Требуется хэширование/ шифрование
4. Двусторонний обмен данными";"ЧД(работы) = ОКРУГЛ.ВВЕРХ(Норматив × [Тип работ] × [Наличие конфиденциальных данных] × [Требуется хэширование/ шифрование] × [Двусторонний обмен данными]; 0,1)
  где Норматив — базовая оценка из столбца «Наличие норматива» (при всех Ki = 1 → ЧД = Норматив);
      ∏Ki — произведение коэффициентов выбранных параметров трудоёмкости.

• Округление: ОКРУГЛ.ВВЕРХ(…; 0,1) — вверх до 0,1 чд
• Итог этапа: ЧД(этап) = Σ ЧД включённых работ этапа

Переменные — параметры трудоёмкости (Ki, по умолчанию = 1):
  — Тип работ: Разработка→1.1; Доработка→0.75; Настройка→0.5; Неизвестно→1
  — Наличие конфиденциальных данных: Да→1.25; Нет→0; Неизвестно→1
  — Требуется хэширование/ шифрование: Да→1.25; Нет→0.75; Неизвестно→1 (на «Система-источник» Нет→0.9)
  — Двусторонний обмен данными: Да→1.25; Нет→0.75; Неизвестно→1

Операнды: «×» — умножение норматива на коэффициенты Ki; при всех Ki = 1 → ЧД = Норматив.";"1) Триггер (когда работа включается): Тип системы-источника (внешний).
2) Норматив: 1 чд — базовый ЧД при значениях параметров по умолчанию (все K=1).
3) Формула ЧД: ЧД(работы) = ОКРУГЛ.ВВЕРХ(Норматив × [Тип работ] × [Наличие конфиденциальных данных] × [Требуется хэширование/ шифрование] × [Двусторонний обмен данными]; 0,1) — норматив участвует множителем; подробно см. столбец «Формула».

4) Параметры трудоёмкости (переименованы по «Параметрам по блокам»; при выборе значения подтягивается коэффициент Kпараметра):
— Тип работ: Разработка→1.1; Доработка→0.75; Настройка→0.5; Неизвестно→1
— Наличие конфиденциальных данных: Да→1.25; Нет→0; Неизвестно→1
— Требуется хэширование/ шифрование: Да→1.25; Нет→0.75; Неизвестно→1 (на «Система-источник» Нет→0.9)
— Двусторонний обмен данными: Да→1.25; Нет→0.75; Неизвестно→1
5) Результат по этапу: ЧД(этап) = Σ ЧД всех включённых работ этапа.";;;;
ИД. Внешний;Арх. Компонент. Объект данных;Работы по разворачиванию и настройке новой инфраструктуры;Этап 220. Работы по разворачиванию и настройке новой инфраструктуры;Этап 220;Опциональная;1,7;Тип системы-источника (внешний);"1. Тип работ
2. Наличие конфиденциальных данных
3. Требуется хэширование/ шифрование
4. Двусторонний обмен данными";"ЧД(работы) = ОКРУГЛ.ВВЕРХ(Норматив × [Тип работ] × [Наличие конфиденциальных данных] × [Требуется хэширование/ шифрование] × [Двусторонний обмен данными]; 0,1)
  где Норматив — базовая оценка из столбца «Наличие норматива» (при всех Ki = 1 → ЧД = Норматив);
      ∏Ki — произведение коэффициентов выбранных параметров трудоёмкости.

• Округление: ОКРУГЛ.ВВЕРХ(…; 0,1) — вверх до 0,1 чд
• Итог этапа: ЧД(этап) = Σ ЧД включённых работ этапа

Переменные — параметры трудоёмкости (Ki, по умолчанию = 1):
  — Тип работ: Разработка→1.1; Доработка→0.75; Настройка→0.5; Неизвестно→1
  — Наличие конфиденциальных данных: Да→1.25; Нет→0; Неизвестно→1
  — Требуется хэширование/ шифрование: Да→1.25; Нет→0.75; Неизвестно→1 (на «Система-источник» Нет→0.9)
  — Двусторонний обмен данными: Да→1.25; Нет→0.75; Неизвестно→1

Операнды: «×» — умножение норматива на коэффициенты Ki; при всех Ki = 1 → ЧД = Норматив.";"1) Триггер (когда работа включается): Тип системы-источника (внешний).
2) Норматив: 1,7 чд — базовый ЧД при значениях параметров по умолчанию (все K=1).
3) Формула ЧД: ЧД(работы) = ОКРУГЛ.ВВЕРХ(Норматив × [Тип работ] × [Наличие конфиденциальных данных] × [Требуется хэширование/ шифрование] × [Двусторонний обмен данными]; 0,1) — норматив участвует множителем; подробно см. столбец «Формула».

4) Параметры трудоёмкости (переименованы по «Параметрам по блокам»; при выборе значения подтягивается коэффициент Kпараметра):
— Тип работ: Разработка→1.1; Доработка→0.75; Настройка→0.5; Неизвестно→1
— Наличие конфиденциальных данных: Да→1.25; Нет→0; Неизвестно→1
— Требуется хэширование/ шифрование: Да→1.25; Нет→0.75; Неизвестно→1 (на «Система-источник» Нет→0.9)
— Двусторонний обмен данными: Да→1.25; Нет→0.75; Неизвестно→1
5) Результат по этапу: ЧД(этап) = Σ ЧД всех включённых работ этапа.";;;;
ИД. Внешний;Арх. Компонент. Объект данных;Согласование артефактов и заведение заявок на доступы;Этап 220. Согласование артефактов и заведение заявок на доступы;Этап 220;Опциональная;1;Тип системы-источника (внешний);"1. Тип работ
2. Наличие конфиденциальных данных
3. Требуется хэширование/ шифрование
4. Двусторонний обмен данными";"ЧД(работы) = ОКРУГЛ.ВВЕРХ(Норматив × [Тип работ] × [Наличие конфиденциальных данных] × [Требуется хэширование/ шифрование] × [Двусторонний обмен данными]; 0,1)
  где Норматив — базовая оценка из столбца «Наличие норматива» (при всех Ki = 1 → ЧД = Норматив);
      ∏Ki — произведение коэффициентов выбранных параметров трудоёмкости.

• Округление: ОКРУГЛ.ВВЕРХ(…; 0,1) — вверх до 0,1 чд
• Итог этапа: ЧД(этап) = Σ ЧД включённых работ этапа

Переменные — параметры трудоёмкости (Ki, по умолчанию = 1):
  — Тип работ: Разработка→1.1; Доработка→0.75; Настройка→0.5; Неизвестно→1
  — Наличие конфиденциальных данных: Да→1.25; Нет→0; Неизвестно→1
  — Требуется хэширование/ шифрование: Да→1.25; Нет→0.75; Неизвестно→1 (на «Система-источник» Нет→0.9)
  — Двусторонний обмен данными: Да→1.25; Нет→0.75; Неизвестно→1

Операнды: «×» — умножение норматива на коэффициенты Ki; при всех Ki = 1 → ЧД = Норматив.";"1) Триггер (когда работа включается): Тип системы-источника (внешний).
2) Норматив: 1 чд — базовый ЧД при значениях параметров по умолчанию (все K=1).
3) Формула ЧД: ЧД(работы) = ОКРУГЛ.ВВЕРХ(Норматив × [Тип работ] × [Наличие конфиденциальных данных] × [Требуется хэширование/ шифрование] × [Двусторонний обмен данными]; 0,1) — норматив участвует множителем; подробно см. столбец «Формула».

4) Параметры трудоёмкости (переименованы по «Параметрам по блокам»; при выборе значения подтягивается коэффициент Kпараметра):
— Тип работ: Разработка→1.1; Доработка→0.75; Настройка→0.5; Неизвестно→1
— Наличие конфиденциальных данных: Да→1.25; Нет→0; Неизвестно→1
— Требуется хэширование/ шифрование: Да→1.25; Нет→0.75; Неизвестно→1 (на «Система-источник» Нет→0.9)
— Двусторонний обмен данными: Да→1.25; Нет→0.75; Неизвестно→1
5) Результат по этапу: ЧД(этап) = Σ ЧД всех включённых работ этапа.";;;;
ИД. Внешний;Арх. Компонент. Объект данных;Разработка Решения;Этап 220. Разработка Решения;Этап 220;Опциональная;6;Тип системы-источника (внешний);"1. Тип работ
2. Наличие конфиденциальных данных
3. Требуется хэширование/ шифрование
4. Двусторонний обмен данными";"ЧД(работы) = ОКРУГЛ.ВВЕРХ(Норматив × [Тип работ] × [Наличие конфиденциальных данных] × [Требуется хэширование/ шифрование] × [Двусторонний обмен данными]; 0,1)
  где Норматив — базовая оценка из столбца «Наличие норматива» (при всех Ki = 1 → ЧД = Норматив);
      ∏Ki — произведение коэффициентов выбранных параметров трудоёмкости.

• Округление: ОКРУГЛ.ВВЕРХ(…; 0,1) — вверх до 0,1 чд
• Итог этапа: ЧД(этап) = Σ ЧД включённых работ этапа

Переменные — параметры трудоёмкости (Ki, по умолчанию = 1):
  — Тип работ: Разработка→1.1; Доработка→0.75; Настройка→0.5; Неизвестно→1
  — Наличие конфиденциальных данных: Да→1.25; Нет→0; Неизвестно→1
  — Требуется хэширование/ шифрование: Да→1.25; Нет→0.75; Неизвестно→1 (на «Система-источник» Нет→0.9)
  — Двусторонний обмен данными: Да→1.25; Нет→0.75; Неизвестно→1

Операнды: «×» — умножение норматива на коэффициенты Ki; при всех Ki = 1 → ЧД = Норматив.";"1) Триггер (когда работа включается): Тип системы-источника (внешний).
2) Норматив: 6 чд — базовый ЧД при значениях параметров по умолчанию (все K=1).
3) Формула ЧД: ЧД(работы) = ОКРУГЛ.ВВЕРХ(Норматив × [Тип работ] × [Наличие конфиденциальных данных] × [Требуется хэширование/ шифрование] × [Двусторонний обмен данными]; 0,1) — норматив участвует множителем; подробно см. столбец «Формула».

4) Параметры трудоёмкости (переименованы по «Параметрам по блокам»; при выборе значения подтягивается коэффициент Kпараметра):
— Тип работ: Разработка→1.1; Доработка→0.75; Настройка→0.5; Неизвестно→1
— Наличие конфиденциальных данных: Да→1.25; Нет→0; Неизвестно→1
— Требуется хэширование/ шифрование: Да→1.25; Нет→0.75; Неизвестно→1 (на «Система-источник» Нет→0.9)
— Двусторонний обмен данными: Да→1.25; Нет→0.75; Неизвестно→1
5) Результат по этапу: ЧД(этап) = Σ ЧД всех включённых работ этапа.";;;;
ИД. Внешний;Арх. Компонент. Объект данных;Тестирование и отладка Решения;Этап 220. Тестирование и отладка Решения;Этап 220;Опциональная;1,5;Тип системы-источника (внешний);"1. Тип работ
2. Наличие конфиденциальных данных
3. Требуется хэширование/ шифрование
4. Двусторонний обмен данными";"ЧД(работы) = ОКРУГЛ.ВВЕРХ(Норматив × [Тип работ] × [Наличие конфиденциальных данных] × [Требуется хэширование/ шифрование] × [Двусторонний обмен данными]; 0,1)
  где Норматив — базовая оценка из столбца «Наличие норматива» (при всех Ki = 1 → ЧД = Норматив);
      ∏Ki — произведение коэффициентов выбранных параметров трудоёмкости.

• Округление: ОКРУГЛ.ВВЕРХ(…; 0,1) — вверх до 0,1 чд
• Итог этапа: ЧД(этап) = Σ ЧД включённых работ этапа

Переменные — параметры трудоёмкости (Ki, по умолчанию = 1):
  — Тип работ: Разработка→1.1; Доработка→0.75; Настройка→0.5; Неизвестно→1
  — Наличие конфиденциальных данных: Да→1.25; Нет→0; Неизвестно→1
  — Требуется хэширование/ шифрование: Да→1.25; Нет→0.75; Неизвестно→1 (на «Система-источник» Нет→0.9)
  — Двусторонний обмен данными: Да→1.25; Нет→0.75; Неизвестно→1

Операнды: «×» — умножение норматива на коэффициенты Ki; при всех Ki = 1 → ЧД = Норматив.";"1) Триггер (когда работа включается): Тип системы-источника (внешний).
2) Норматив: 1,5 чд — базовый ЧД при значениях параметров по умолчанию (все K=1).
3) Формула ЧД: ЧД(работы) = ОКРУГЛ.ВВЕРХ(Норматив × [Тип работ] × [Наличие конфиденциальных данных] × [Требуется хэширование/ шифрование] × [Двусторонний обмен данными]; 0,1) — норматив участвует множителем; подробно см. столбец «Формула».

4) Параметры трудоёмкости (переименованы по «Параметрам по блокам»; при выборе значения подтягивается коэффициент Kпараметра):
— Тип работ: Разработка→1.1; Доработка→0.75; Настройка→0.5; Неизвестно→1
— Наличие конфиденциальных данных: Да→1.25; Нет→0; Неизвестно→1
— Требуется хэширование/ шифрование: Да→1.25; Нет→0.75; Неизвестно→1 (на «Система-источник» Нет→0.9)
— Двусторонний обмен данными: Да→1.25; Нет→0.75; Неизвестно→1
5) Результат по этапу: ЧД(этап) = Σ ЧД всех включённых работ этапа.";;;;
ИД. Внешний;Арх. Компонент. Объект данных;Проведение ИФТ Решения;Этап 220. Проведение ИФТ Решения;Этап 220;Опциональная;0,8;Тип системы-источника (внешний);"1. Тип работ
2. Наличие конфиденциальных данных
3. Требуется хэширование/ шифрование
4. Двусторонний обмен данными";"ЧД(работы) = ОКРУГЛ.ВВЕРХ(Норматив × [Тип работ] × [Наличие конфиденциальных данных] × [Требуется хэширование/ шифрование] × [Двусторонний обмен данными]; 0,1)
  где Норматив — базовая оценка из столбца «Наличие норматива» (при всех Ki = 1 → ЧД = Норматив);
      ∏Ki — произведение коэффициентов выбранных параметров трудоёмкости.

• Округление: ОКРУГЛ.ВВЕРХ(…; 0,1) — вверх до 0,1 чд
• Итог этапа: ЧД(этап) = Σ ЧД включённых работ этапа

Переменные — параметры трудоёмкости (Ki, по умолчанию = 1):
  — Тип работ: Разработка→1.1; Доработка→0.75; Настройка→0.5; Неизвестно→1
  — Наличие конфиденциальных данных: Да→1.25; Нет→0; Неизвестно→1
  — Требуется хэширование/ шифрование: Да→1.25; Нет→0.75; Неизвестно→1 (на «Система-источник» Нет→0.9)
  — Двусторонний обмен данными: Да→1.25; Нет→0.75; Неизвестно→1

Операнды: «×» — умножение норматива на коэффициенты Ki; при всех Ki = 1 → ЧД = Норматив.";"1) Триггер (когда работа включается): Тип системы-источника (внешний).
2) Норматив: 0,8 чд — базовый ЧД при значениях параметров по умолчанию (все K=1).
3) Формула ЧД: ЧД(работы) = ОКРУГЛ.ВВЕРХ(Норматив × [Тип работ] × [Наличие конфиденциальных данных] × [Требуется хэширование/ шифрование] × [Двусторонний обмен данными]; 0,1) — норматив участвует множителем; подробно см. столбец «Формула».

4) Параметры трудоёмкости (переименованы по «Параметрам по блокам»; при выборе значения подтягивается коэффициент Kпараметра):
— Тип работ: Разработка→1.1; Доработка→0.75; Настройка→0.5; Неизвестно→1
— Наличие конфиденциальных данных: Да→1.25; Нет→0; Неизвестно→1
— Требуется хэширование/ шифрование: Да→1.25; Нет→0.75; Неизвестно→1 (на «Система-источник» Нет→0.9)
— Двусторонний обмен данными: Да→1.25; Нет→0.75; Неизвестно→1
5) Результат по этапу: ЧД(этап) = Σ ЧД всех включённых работ этапа.";;;;
ИД. Внешний;Арх. Компонент. Объект данных;Проведение Тестирования Решения и ПСИ;Этап 220. Проведение Тестирования Решения и ПСИ;Этап 220;Опциональная;1;Тип системы-источника (внешний);"1. Тип работ
2. Наличие конфиденциальных данных
3. Требуется хэширование/ шифрование
4. Двусторонний обмен данными";"ЧД(работы) = ОКРУГЛ.ВВЕРХ(Норматив × [Тип работ] × [Наличие конфиденциальных данных] × [Требуется хэширование/ шифрование] × [Двусторонний обмен данными]; 0,1)
  где Норматив — базовая оценка из столбца «Наличие норматива» (при всех Ki = 1 → ЧД = Норматив);
      ∏Ki — произведение коэффициентов выбранных параметров трудоёмкости.

• Округление: ОКРУГЛ.ВВЕРХ(…; 0,1) — вверх до 0,1 чд
• Итог этапа: ЧД(этап) = Σ ЧД включённых работ этапа

Переменные — параметры трудоёмкости (Ki, по умолчанию = 1):
  — Тип работ: Разработка→1.1; Доработка→0.75; Настройка→0.5; Неизвестно→1
  — Наличие конфиденциальных данных: Да→1.25; Нет→0; Неизвестно→1
  — Требуется хэширование/ шифрование: Да→1.25; Нет→0.75; Неизвестно→1 (на «Система-источник» Нет→0.9)
  — Двусторонний обмен данными: Да→1.25; Нет→0.75; Неизвестно→1

Операнды: «×» — умножение норматива на коэффициенты Ki; при всех Ki = 1 → ЧД = Норматив.";"1) Триггер (когда работа включается): Тип системы-источника (внешний).
2) Норматив: 1 чд — базовый ЧД при значениях параметров по умолчанию (все K=1).
3) Формула ЧД: ЧД(работы) = ОКРУГЛ.ВВЕРХ(Норматив × [Тип работ] × [Наличие конфиденциальных данных] × [Требуется хэширование/ шифрование] × [Двусторонний обмен данными]; 0,1) — норматив участвует множителем; подробно см. столбец «Формула».

4) Параметры трудоёмкости (переименованы по «Параметрам по блокам»; при выборе значения подтягивается коэффициент Kпараметра):
— Тип работ: Разработка→1.1; Доработка→0.75; Настройка→0.5; Неизвестно→1
— Наличие конфиденциальных данных: Да→1.25; Нет→0; Неизвестно→1
— Требуется хэширование/ шифрование: Да→1.25; Нет→0.75; Неизвестно→1 (на «Система-источник» Нет→0.9)
— Двусторонний обмен данными: Да→1.25; Нет→0.75; Неизвестно→1
5) Результат по этапу: ЧД(этап) = Σ ЧД всех включённых работ этапа.";;;;
ИД. Внешний;Арх. Компонент. Объект данных;Вывод Решения в Промышленную эксплуатацию;Этап 220. Вывод Решения в Промышленную эксплуатацию;Этап 220;Опциональная;0,4;Тип системы-источника (внешний);"1. Тип работ
2. Наличие конфиденциальных данных
3. Требуется хэширование/ шифрование
4. Двусторонний обмен данными";"ЧД(работы) = ОКРУГЛ.ВВЕРХ(Норматив × [Тип работ] × [Наличие конфиденциальных данных] × [Требуется хэширование/ шифрование] × [Двусторонний обмен данными]; 0,1)
  где Норматив — базовая оценка из столбца «Наличие норматива» (при всех Ki = 1 → ЧД = Норматив);
      ∏Ki — произведение коэффициентов выбранных параметров трудоёмкости.

• Округление: ОКРУГЛ.ВВЕРХ(…; 0,1) — вверх до 0,1 чд
• Итог этапа: ЧД(этап) = Σ ЧД включённых работ этапа

Переменные — параметры трудоёмкости (Ki, по умолчанию = 1):
  — Тип работ: Разработка→1.1; Доработка→0.75; Настройка→0.5; Неизвестно→1
  — Наличие конфиденциальных данных: Да→1.25; Нет→0; Неизвестно→1
  — Требуется хэширование/ шифрование: Да→1.25; Нет→0.75; Неизвестно→1 (на «Система-источник» Нет→0.9)
  — Двусторонний обмен данными: Да→1.25; Нет→0.75; Неизвестно→1

Операнды: «×» — умножение норматива на коэффициенты Ki; при всех Ki = 1 → ЧД = Норматив.";"1) Триггер (когда работа включается): Тип системы-источника (внешний).
2) Норматив: 0,4 чд — базовый ЧД при значениях параметров по умолчанию (все K=1).
3) Формула ЧД: ЧД(работы) = ОКРУГЛ.ВВЕРХ(Норматив × [Тип работ] × [Наличие конфиденциальных данных] × [Требуется хэширование/ шифрование] × [Двусторонний обмен данными]; 0,1) — норматив участвует множителем; подробно см. столбец «Формула».

4) Параметры трудоёмкости (переименованы по «Параметрам по блокам»; при выборе значения подтягивается коэффициент Kпараметра):
— Тип работ: Разработка→1.1; Доработка→0.75; Настройка→0.5; Неизвестно→1
— Наличие конфиденциальных данных: Да→1.25; Нет→0; Неизвестно→1
— Требуется хэширование/ шифрование: Да→1.25; Нет→0.75; Неизвестно→1 (на «Система-источник» Нет→0.9)
— Двусторонний обмен данными: Да→1.25; Нет→0.75; Неизвестно→1
5) Результат по этапу: ЧД(этап) = Σ ЧД всех включённых работ этапа.";;;;
ИД. Внешний;Арх. Компонент. Объект данных;Доработка внутренней документации и инфрмационных ресурсов группы;Этап 220. Доработка внутренней документации и инфрмационных ресурсов группы;Этап 220;Опциональная;0,4;Тип системы-источника (внешний);"1. Тип работ
2. Наличие конфиденциальных данных
3. Требуется хэширование/ шифрование
4. Двусторонний обмен данными";"ЧД(работы) = ОКРУГЛ.ВВЕРХ(Норматив × [Тип работ] × [Наличие конфиденциальных данных] × [Требуется хэширование/ шифрование] × [Двусторонний обмен данными]; 0,1)
  где Норматив — базовая оценка из столбца «Наличие норматива» (при всех Ki = 1 → ЧД = Норматив);
      ∏Ki — произведение коэффициентов выбранных параметров трудоёмкости.

• Округление: ОКРУГЛ.ВВЕРХ(…; 0,1) — вверх до 0,1 чд
• Итог этапа: ЧД(этап) = Σ ЧД включённых работ этапа

Переменные — параметры трудоёмкости (Ki, по умолчанию = 1):
  — Тип работ: Разработка→1.1; Доработка→0.75; Настройка→0.5; Неизвестно→1
  — Наличие конфиденциальных данных: Да→1.25; Нет→0; Неизвестно→1
  — Требуется хэширование/ шифрование: Да→1.25; Нет→0.75; Неизвестно→1 (на «Система-источник» Нет→0.9)
  — Двусторонний обмен данными: Да→1.25; Нет→0.75; Неизвестно→1

Операнды: «×» — умножение норматива на коэффициенты Ki; при всех Ki = 1 → ЧД = Норматив.";"1) Триггер (когда работа включается): Тип системы-источника (внешний).
2) Норматив: 0,4 чд — базовый ЧД при значениях параметров по умолчанию (все K=1).
3) Формула ЧД: ЧД(работы) = ОКРУГЛ.ВВЕРХ(Норматив × [Тип работ] × [Наличие конфиденциальных данных] × [Требуется хэширование/ шифрование] × [Двусторонний обмен данными]; 0,1) — норматив участвует множителем; подробно см. столбец «Формула».

4) Параметры трудоёмкости (переименованы по «Параметрам по блокам»; при выборе значения подтягивается коэффициент Kпараметра):
— Тип работ: Разработка→1.1; Доработка→0.75; Настройка→0.5; Неизвестно→1
— Наличие конфиденциальных данных: Да→1.25; Нет→0; Неизвестно→1
— Требуется хэширование/ шифрование: Да→1.25; Нет→0.75; Неизвестно→1 (на «Система-источник» Нет→0.9)
— Двусторонний обмен данными: Да→1.25; Нет→0.75; Неизвестно→1
5) Результат по этапу: ЧД(этап) = Σ ЧД всех включённых работ этапа.";;;;
ИД. Внешний;Арх. Компонент. Система-источник?;Планирование и работа с бэклогом;Этап 230. Планирование и работа с бэклогом;Этап 230;Опциональная;0,4;Тип системы-источника (внешний);"1. Тип работ
2. Способ предоставления данных заказчику
3. Сложность реализации
4. Наличие конфиденциальных данных
5. Требуется хэширование/ шифрование
6. Двусторонний обмен данными";"ЧД(работы) = ОКРУГЛ.ВВЕРХ(Норматив × [Тип работ] × [Способ предоставления данных заказчику] × [Сложность реализации] × [Наличие конфиденциальных данных] × [Требуется хэширование/ шифрование] × [Двусторонний обмен данными]; 0,1)
  где Норматив — базовая оценка из столбца «Наличие норматива» (при всех Ki = 1 → ЧД = Норматив);
      ∏Ki — произведение коэффициентов выбранных параметров трудоёмкости.

• Округление: ОКРУГЛ.ВВЕРХ(…; 0,1) — вверх до 0,1 чд
• Итог этапа: ЧД(этап) = Σ ЧД включённых работ этапа

Переменные — параметры трудоёмкости (Ki, по умолчанию = 1):
  — Тип работ: Разработка→1.1; Доработка→0.75; Настройка→0.5; Неизвестно→1
  — Способ предоставления данных заказчику: Непосредственно→0.8; Опосредованно→1.2; Неизвестно→1
  — Сложность реализации: Низкая→0.75; Средняя→1; Высокая→1.5; Неизвестно→1.25
  — Наличие конфиденциальных данных: Да→1.25; Нет→0; Неизвестно→1
  — Требуется хэширование/ шифрование: Да→1.25; Нет→0.75; Неизвестно→1 (на «Система-источник» Нет→0.9)
  — Двусторонний обмен данными: Да→1.25; Нет→0.75; Неизвестно→1

Операнды: «×» — умножение норматива на коэффициенты Ki; при всех Ki = 1 → ЧД = Норматив.";"1) Триггер (когда работа включается): Тип системы-источника (внешний).
2) Норматив: 0,4 чд — базовый ЧД при значениях параметров по умолчанию (все K=1).
3) Формула ЧД: ЧД(работы) = ОКРУГЛ.ВВЕРХ(Норматив × [Тип работ] × [Способ предоставления данных заказчику] × [Сложность реализации] × [Наличие конфиденциальных данных] × [Требуется хэширование/ шифрование] × [Двусторонний обмен данными]; 0,1) — норматив участвует множителем; подробно см. столбец «Формула».

4) Параметры трудоёмкости (переименованы по «Параметрам по блокам»; при выборе значения подтягивается коэффициент Kпараметра):
— Тип работ: Разработка→1.1; Доработка→0.75; Настройка→0.5; Неизвестно→1
— Способ предоставления данных заказчику: Непосредственно→0.8; Опосредованно→1.2; Неизвестно→1
— Сложность реализации: Низкая→0.75; Средняя→1; Высокая→1.5; Неизвестно→1.25
— Наличие конфиденциальных данных: Да→1.25; Нет→0; Неизвестно→1
— Требуется хэширование/ шифрование: Да→1.25; Нет→0.75; Неизвестно→1 (на «Система-источник» Нет→0.9)
— Двусторонний обмен данными: Да→1.25; Нет→0.75; Неизвестно→1
5) Результат по этапу: ЧД(этап) = Σ ЧД всех включённых работ этапа.";;;;
ИД. Внешний;Арх. Компонент. Система-источник?;Постановка источника на мониторинг;Этап 230. Постановка источника на мониторинг;Этап 230;Опциональная;3,9;Тип системы-источника (внешний);"1. Тип работ
2. Сложность реализации
3. Наличие конфиденциальных данных
4. Требуется хэширование/ шифрование
5. Двусторонний обмен данными";"ЧД(работы) = ОКРУГЛ.ВВЕРХ(Норматив × [Тип работ] × [Сложность реализации] × [Наличие конфиденциальных данных] × [Требуется хэширование/ шифрование] × [Двусторонний обмен данными]; 0,1)
  где Норматив — базовая оценка из столбца «Наличие норматива» (при всех Ki = 1 → ЧД = Норматив);
      ∏Ki — произведение коэффициентов выбранных параметров трудоёмкости.

• Округление: ОКРУГЛ.ВВЕРХ(…; 0,1) — вверх до 0,1 чд
• Итог этапа: ЧД(этап) = Σ ЧД включённых работ этапа

Переменные — параметры трудоёмкости (Ki, по умолчанию = 1):
  — Тип работ: Разработка→1.1; Доработка→0.75; Настройка→0.5; Неизвестно→1
  — Сложность реализации: Низкая→0.75; Средняя→1; Высокая→1.5; Неизвестно→1.25
  — Наличие конфиденциальных данных: Да→1.25; Нет→0; Неизвестно→1
  — Требуется хэширование/ шифрование: Да→1.25; Нет→0.75; Неизвестно→1 (на «Система-источник» Нет→0.9)
  — Двусторонний обмен данными: Да→1.25; Нет→0.75; Неизвестно→1

Операнды: «×» — умножение норматива на коэффициенты Ki; при всех Ki = 1 → ЧД = Норматив.";"1) Триггер (когда работа включается): Тип системы-источника (внешний).
2) Норматив: 3,9 чд — базовый ЧД при значениях параметров по умолчанию (все K=1).
3) Формула ЧД: ЧД(работы) = ОКРУГЛ.ВВЕРХ(Норматив × [Тип работ] × [Сложность реализации] × [Наличие конфиденциальных данных] × [Требуется хэширование/ шифрование] × [Двусторонний обмен данными]; 0,1) — норматив участвует множителем; подробно см. столбец «Формула».

4) Параметры трудоёмкости (переименованы по «Параметрам по блокам»; при выборе значения подтягивается коэффициент Kпараметра):
— Тип работ: Разработка→1.1; Доработка→0.75; Настройка→0.5; Неизвестно→1
— Сложность реализации: Низкая→0.75; Средняя→1; Высокая→1.5; Неизвестно→1.25
— Наличие конфиденциальных данных: Да→1.25; Нет→0; Неизвестно→1
— Требуется хэширование/ шифрование: Да→1.25; Нет→0.75; Неизвестно→1 (на «Система-источник» Нет→0.9)
— Двусторонний обмен данными: Да→1.25; Нет→0.75; Неизвестно→1
5) Результат по этапу: ЧД(этап) = Σ ЧД всех включённых работ этапа.";;;;
ИД. Внешний;Арх. Компонент. Система-источник?;Доработка внутренней документации и инфрмационных ресурсов группы;Этап 230. Доработка внутренней документации и инфрмационных ресурсов группы;Этап 230;Опциональная;0,3;Тип системы-источника (внешний);"1. Тип работ
2. Сложность реализации
3. Наличие конфиденциальных данных
4. Требуется хэширование/ шифрование
5. Двусторонний обмен данными";"ЧД(работы) = ОКРУГЛ.ВВЕРХ(Норматив × [Тип работ] × [Сложность реализации] × [Наличие конфиденциальных данных] × [Требуется хэширование/ шифрование] × [Двусторонний обмен данными]; 0,1)
  где Норматив — базовая оценка из столбца «Наличие норматива» (при всех Ki = 1 → ЧД = Норматив);
      ∏Ki — произведение коэффициентов выбранных параметров трудоёмкости.

• Округление: ОКРУГЛ.ВВЕРХ(…; 0,1) — вверх до 0,1 чд
• Итог этапа: ЧД(этап) = Σ ЧД включённых работ этапа

Переменные — параметры трудоёмкости (Ki, по умолчанию = 1):
  — Тип работ: Разработка→1.1; Доработка→0.75; Настройка→0.5; Неизвестно→1
  — Сложность реализации: Низкая→0.75; Средняя→1; Высокая→1.5; Неизвестно→1.25
  — Наличие конфиденциальных данных: Да→1.25; Нет→0; Неизвестно→1
  — Требуется хэширование/ шифрование: Да→1.25; Нет→0.75; Неизвестно→1 (на «Система-источник» Нет→0.9)
  — Двусторонний обмен данными: Да→1.25; Нет→0.75; Неизвестно→1

Операнды: «×» — умножение норматива на коэффициенты Ki; при всех Ki = 1 → ЧД = Норматив.";"1) Триггер (когда работа включается): Тип системы-источника (внешний).
2) Норматив: 0,3 чд — базовый ЧД при значениях параметров по умолчанию (все K=1).
3) Формула ЧД: ЧД(работы) = ОКРУГЛ.ВВЕРХ(Норматив × [Тип работ] × [Сложность реализации] × [Наличие конфиденциальных данных] × [Требуется хэширование/ шифрование] × [Двусторонний обмен данными]; 0,1) — норматив участвует множителем; подробно см. столбец «Формула».

4) Параметры трудоёмкости (переименованы по «Параметрам по блокам»; при выборе значения подтягивается коэффициент Kпараметра):
— Тип работ: Разработка→1.1; Доработка→0.75; Настройка→0.5; Неизвестно→1
— Сложность реализации: Низкая→0.75; Средняя→1; Высокая→1.5; Неизвестно→1.25
— Наличие конфиденциальных данных: Да→1.25; Нет→0; Неизвестно→1
— Требуется хэширование/ шифрование: Да→1.25; Нет→0.75; Неизвестно→1 (на «Система-источник» Нет→0.9)
— Двусторонний обмен данными: Да→1.25; Нет→0.75; Неизвестно→1
5) Результат по этапу: ЧД(этап) = Σ ЧД всех включённых работ этапа.";;;;
ИД. Внутренний;Арх. Компонент. Система-источник;Этап 210. Исследование и описание внутренних источников, выгрузка тестовых данных, мониторинг изменений источников;Этап 210. Исследование и описание внутренних источников, выгрузка тестовых данных, мониторинг изменений источников;Этап 210;Опциональная;14;Тип системы-источника (внутренний);1. Наличие реплики в DAPP;"ЧД(работы) = ОКРУГЛ.ВВЕРХ(Норматив × [Наличие реплики в DAPP]; 0,1)
  где Норматив — базовая оценка из столбца «Наличие норматива» (при всех Ki = 1 → ЧД = Норматив);
      ∏Ki — произведение коэффициентов выбранных параметров трудоёмкости.

• Округление: ОКРУГЛ.ВВЕРХ(…; 0,1) — вверх до 0,1 чд
• Итог этапа: ЧД(этап) = Σ ЧД включённых работ этапа

Переменные — параметры трудоёмкости (Ki, по умолчанию = 1):
  — Наличие реплики в DAPP: Да (есть реплика)→1; Нет (нет реплики)→1.5

Операнды: «×» — умножение норматива на коэффициенты Ki; при всех Ki = 1 → ЧД = Норматив.";"1) Триггер (когда работа включается): Тип системы-источника (внутренний).
2) Норматив этапа 210: 14 чд — суммарная базовая оценка нормативных работ этапа.
3) Формула ЧД: ЧД(работы) = ОКРУГЛ.ВВЕРХ(Норматив × [Наличие реплики в DAPP]; 0,1) — норматив участвует множителем; подробно см. столбец «Формула».

4) Параметры трудоёмкости (переименованы по «Параметрам по блокам»; при выборе значения подтягивается коэффициент Kпараметра):
— Наличие реплики в DAPP: Да (есть реплика)→база; Нет (нет реплики)→база ×1.5
5) Результат по этапу: ЧД(этап) = Σ ЧД включённых работ этапа.";;;;
ИД. Внутренний;Арх. Компонент. Процесс обработки данных;"Этап_211. Разработка БТ (Витрина/Интеграция)
Разработка БТ (ТР) по реализации процесса загрузки данных или по витринам на внешних/внутренних данных";Этап 211. Разработка БТ (ТР) на реализацию процесса загрузки данных для внутренних данных;Этап 211;Опциональная;22;Тип системы-источника (внутренний);1. Сложность реализации;"ЧД(работы) = ОКРУГЛ.ВВЕРХ(Норматив × [Сложность реализации]; 0,1)
  где Норматив — базовая оценка из столбца «Наличие норматива» (при всех Ki = 1 → ЧД = Норматив);
      ∏Ki — произведение коэффициентов выбранных параметров трудоёмкости.

• Округление: ОКРУГЛ.ВВЕРХ(…; 0,1) — вверх до 0,1 чд
• Итог этапа: ЧД(этап) = Σ ЧД включённых работ этапа

Переменные — параметры трудоёмкости (Ki, по умолчанию = 1):
  — Сложность реализации: Низкая→0.75; Средняя→1; Высокая→1.5; Неизвестно→1.25

Операнды: «×» — умножение норматива на коэффициенты Ki; при всех Ki = 1 → ЧД = Норматив.";"1) Триггер (когда работа включается): Тип системы-источника (внутренний).
2) Норматив этапа 211: 22 чд — суммарная базовая оценка нормативных работ этапа.
3) Формула ЧД: ЧД(работы) = ОКРУГЛ.ВВЕРХ(Норматив × [Сложность реализации]; 0,1) — норматив участвует множителем; подробно см. столбец «Формула».

4) Параметры трудоёмкости (переименованы по «Параметрам по блокам»; при выборе значения подтягивается коэффициент Kпараметра):
— Сложность реализации: Низкая→0.75; Средняя→1; Высокая→1.5; Неизвестно→1.25
5) Результат по этапу: ЧД(этап) = Σ ЧД включённых работ этапа.";;;;
ИД. Внутренний;Арх. Компонент. Объект данных;"Этап_211. Разработка БТ (Витрина/Интеграция)
Разработка БТ (ТР) по реализации процесса загрузки данных или по витринам на внешних/внутренних данных";Этап 211. Разработка БТ (ТР) на реализацию витрины для внутренних данных;Этап 211;Опциональная;22;Тип системы-источника (внутренний);1. Необходимо уточнение требований по составу выгружаемых данных и алгоритмам расчета метрик;"ЧД(работы) = ОКРУГЛ.ВВЕРХ(Норматив × [Необходимо уточнение требований по составу выгружаемых данных и алгоритмам расчета метрик]; 0,1)
  где Норматив — базовая оценка из столбца «Наличие норматива» (при всех Ki = 1 → ЧД = Норматив);
      ∏Ki — произведение коэффициентов выбранных параметров трудоёмкости.

• Округление: ОКРУГЛ.ВВЕРХ(…; 0,1) — вверх до 0,1 чд
• Итог этапа: ЧД(этап) = Σ ЧД включённых работ этапа

Переменные — параметры трудоёмкости (Ki, по умолчанию = 1):
  — Необходимо уточнение требований по составу выгружаемых данных и алгоритмам расчета метрик: Да→0.75; Нет→1.25; Неизвестно→1

Операнды: «×» — умножение норматива на коэффициенты Ki; при всех Ki = 1 → ЧД = Норматив.";"1) Триггер (когда работа включается): Тип системы-источника (внутренний).
2) Норматив этапа 211: 22 чд — суммарная базовая оценка нормативных работ этапа.
3) Формула ЧД: ЧД(работы) = ОКРУГЛ.ВВЕРХ(Норматив × [Необходимо уточнение требований по составу выгружаемых данных и алгоритмам расчета метрик]; 0,1) — норматив участвует множителем; подробно см. столбец «Формула».

4) Параметры трудоёмкости (переименованы по «Параметрам по блокам»; при выборе значения подтягивается коэффициент Kпараметра):
— Необходимо уточнение требований по составу выгружаемых данных и алгоритмам расчета метрик: Да→0.75; Нет→1.25; Неизвестно→1
5) Результат по этапу: ЧД(этап) = Σ ЧД включённых работ этапа.";;;;
ИД. Внутренний;Арх. Компонент. Процесс обработки данных;"Этап_212. Сопровождение Интеграции (Витрина/Интеграция)+Этап_230(Мониторинг)
Организация процесса загрузки внутренних данных в Платформу данных для целей моделирования";Этап 212. Реализация процесса загрузки внутренних данных в Платформу данных для целей моделирования;Этап 212;Опциональная;22;Тип системы-источника (внутренний), Необходима продуктивизация;1. Тип работ;"ЧД(работы) = ОКРУГЛ.ВВЕРХ(Норматив × [Тип работ]; 0,1)
  где Норматив — базовая оценка из столбца «Наличие норматива» (при всех Ki = 1 → ЧД = Норматив);
      ∏Ki — произведение коэффициентов выбранных параметров трудоёмкости.

• Округление: ОКРУГЛ.ВВЕРХ(…; 0,1) — вверх до 0,1 чд
• Итог этапа: ЧД(этап) = Σ ЧД включённых работ этапа

Переменные — параметры трудоёмкости (Ki, по умолчанию = 1):
  — Тип работ: Разработка→1.1; Доработка→0.75; Настройка→0.5; Неизвестно→1

Операнды: «×» — умножение норматива на коэффициенты Ki; при всех Ki = 1 → ЧД = Норматив.";"1) Триггер (когда работа включается): Тип системы-источника (внутренний), Необходима продуктивизация.
2) Норматив этапа 212: 22 чд — суммарная базовая оценка нормативных работ этапа.
3) Формула ЧД: ЧД(работы) = ОКРУГЛ.ВВЕРХ(Норматив × [Тип работ]; 0,1) — норматив участвует множителем; подробно см. столбец «Формула».

4) Параметры трудоёмкости (переименованы по «Параметрам по блокам»; при выборе значения подтягивается коэффициент Kпараметра):
— Тип работ: Разработка→1.1; Доработка→0.75; Настройка→0.5; Неизвестно→1
5) Результат по этапу: ЧД(этап) = Σ ЧД включённых работ этапа.";;;;
ИД. Внутренний;Арх. Компонент. Объект данных;"Этап_212. Сопровождение Интеграции (Витрина/Интеграция)+Этап_230(Мониторинг)
Организация процесса загрузки внутренних данных в Платформу данных для целей моделирования";Этап 212. Реализация витрины внутренних данных в Платформе данных для целей моделирования;Этап 212;Опциональная;22;Тип системы-источника (внутренний), Необходима продуктивизация;1. Количество метрик;"ЧД(работы) = ОКРУГЛ.ВВЕРХ(Норматив × [Количество метрик]; 0,1)
  где Норматив — базовая оценка из столбца «Наличие норматива» (при всех Ki = 1 → ЧД = Норматив);
      ∏Ki — произведение коэффициентов выбранных параметров трудоёмкости.

• Округление: ОКРУГЛ.ВВЕРХ(…; 0,1) — вверх до 0,1 чд
• Итог этапа: ЧД(этап) = Σ ЧД включённых работ этапа

Переменные — параметры трудоёмкости (Ki, по умолчанию = 1):
  — Количество метрик: число; до 20 метрик — по умолчанию

Операнды: «×» — умножение норматива на коэффициенты Ki; при всех Ki = 1 → ЧД = Норматив.";"1) Триггер (когда работа включается): Тип системы-источника (внутренний), Необходима продуктивизация.
2) Норматив этапа 212: 22 чд — суммарная базовая оценка нормативных работ этапа.
3) Формула ЧД: ЧД(работы) = ОКРУГЛ.ВВЕРХ(Норматив × [Количество метрик]; 0,1) — норматив участвует множителем; подробно см. столбец «Формула».

4) Параметры трудоёмкости (переименованы по «Параметрам по блокам»; при выборе значения подтягивается коэффициент Kпараметра):
— Количество метрик: число; до 20 метрик — по умолчанию (тянет норматив эт.212)
5) Результат по этапу: ЧД(этап) = Σ ЧД включённых работ этапа.";;;;